fpocket_id,druggability,n_alpha_spheres,center_x,center_y,center_z,dist_to_ATP_site,dist_to_AMP_site,dist_to_p2rank_pocket1
70,0.788,245,-14.90,-2.84,17.06,11.8,2.6,1.8
17,0.735,117,-1.56,5.50,-5.61,36.7,26.4,28.5
18,0.252,40,14.82,-19.25,15.43,42.2,35.7,33.8
6,0.075,17,8.55,28.62,12.55,50.1,39.2,41.3
73,0.061,40,-43.25,5.52,24.02,22.5,29.3,30.3
77,0.045,45,17.27,22.06,3.89,54.2,42.5,44.3
44,0.036,52,-8.68,1.09,-8.43,33.2,24.9,27.0
23,0.025,49,-21.69,3.43,34.83,19.7,21.0,20.4
78,0.019,62,-31.36,18.51,20.98,26.7,25.9,28.2
72,0.016,30,32.97,12.89,-11.98,69.2,58.0,59.2
5,0.015,29,8.40,-28.21,14.07,40.1,36.2,33.8
80,0.014,130,-1.56,21.42,-7.77,46.0,35.7,38.6
40,0.013,18,5.38,-19.91,-6.90,42.2,35.9,35.4
84,0.011,61,6.10,-10.62,11.31,32.7,24.3,23.2
75,0.010,44,2.93,0.44,9.77,31.0,20.0,20.5
4,0.008,20,-28.60,11.62,21.26,19.5,19.1,21.2
10,0.006,55,10.58,2.20,20.68,37.5,27.6,27.3
38,0.006,30,7.99,1.61,31.28,36.9,29.2,28.2
79,0.006,126,5.34,-6.58,30.58,33.1,26.9,25.0
13,0.004,42,22.38,-1.39,-27.22,66.8,57.3,58.4
46,0.004,36,-19.89,12.63,32.60,25.0,22.8,23.5
14,0.003,16,-22.22,-13.93,18.99,7.3,14.2,11.6
20,0.003,20,-13.95,40.47,0.72,52.5,44.6,47.9
27,0.003,20,-24.11,22.45,-19.25,48.5,42.8,46.1
35,0.003,41,-34.17,14.47,7.40,26.2,25.4,28.3
89,0.003,389,1.62,-19.56,-3.54,37.3,31.5,30.8
33,0.002,47,-38.48,-3.90,12.42,14.8,22.6,23.4
43,0.002,30,25.10,12.24,14.04,54.6,43.6,44.1
51,0.002,20,5.45,-16.40,8.63,33.9,27.0,25.6
60,0.002,30,13.52,13.98,13.52,44.9,33.6,34.7
69,0.002,29,-29.83,-9.27,9.04,10.8,16.8,17.0
71,0.002,55,33.21,-4.76,-9.87,65.5,55.5,55.7
1,0.001,24,3.28,-30.60,23.55,37.3,35.9,32.8
3,0.001,29,14.83,1.98,-10.05,50.6,40.2,41.3
7,0.001,18,11.64,16.18,-10.49,53.0,41.9,43.9
16,0.001,19,5.79,-10.04,-10.21,42.9,34.6,35.1
26,0.001,15,9.85,17.98,-37.78,71.5,62.2,64.5
30,0.001,18,-22.07,-5.58,35.44,17.1,21.4,19.5
31,0.001,20,-35.38,15.53,28.27,26.7,28.9,30.3
37,0.001,16,17.28,20.90,-26.28,68.4,57.9,60.1
41,0.001,17,-20.77,35.44,6.57,44.9,38.4,41.7
47,0.001,28,3.40,12.39,1.37,39.2,27.8,29.9
50,0.001,28,1.74,22.12,-29.83,63.2,54.0,56.7
52,0.001,34,-15.41,27.29,-7.41,44.7,36.7,40.2
54,0.001,42,-15.16,-5.35,-10.78,31.5,26.3,27.9
56,0.001,15,-45.84,-0.38,16.81,21.5,29.7,30.5
59,0.001,20,-12.42,-26.67,18.54,23.3,25.5,22.4
65,0.001,52,9.45,-14.15,29.21,37.2,31.8,29.4
68,0.001,35,-7.70,14.01,31.79,30.8,24.4,25.0
74,0.001,21,-11.32,-9.57,-5.69,28.5,22.9,23.7
76,0.001,15,11.37,-19.87,25.96,39.6,34.8,32.2
83,0.001,20,19.61,-22.19,11.10,48.2,41.5,39.8
86,0.001,50,35.96,-0.19,13.31,62.2,52.2,51.9
88,0.001,85,-25.67,-12.80,16.14,6.0,14.7,13.1
2,0.000,21,26.23,-23.84,2.90,56.6,49.4,48.2
8,0.000,17,-19.97,1.89,49.72,32.7,34.9,33.6
9,0.000,16,-27.85,17.24,-24.57,50.0,45.5,48.6
11,0.000,15,16.87,-5.97,30.31,44.0,36.6,35.1
12,0.000,16,-2.44,-22.17,13.02,28.1,24.8,22.4
15,0.000,17,11.28,22.76,-5.57,53.6,42.2,44.5
19,0.000,37,-28.68,12.50,33.10,24.7,26.0,26.8
21,0.000,24,-20.74,14.40,-4.91,32.6,26.1,29.5
22,0.000,15,-6.23,-17.33,-24.84,48.8,44.1,44.8
24,0.000,36,-16.63,17.86,1.62,31.9,23.8,27.3
25,0.000,15,-10.10,-18.77,3.20,24.8,21.8,20.6
28,0.000,18,-14.20,-2.26,-19.48,40.3,34.7,36.7
29,0.000,18,-2.42,-1.58,-29.34,53.8,46.6,48.3
32,0.000,34,-22.70,-5.77,7.44,11.9,10.9,12.1
34,0.000,28,24.17,-14.34,7.67,51.5,43.0,42.0
36,0.000,16,5.49,1.57,-2.81,39.0,28.4,29.6
39,0.000,15,-23.62,18.44,4.05,29.9,24.1,27.6
42,0.000,31,-16.86,9.58,-28.03,50.6,44.7,47.3
45,0.000,33,9.81,10.28,20.66,39.6,29.1,29.6
48,0.000,17,-1.39,27.77,-33.13,67.3,58.5,61.4
49,0.000,22,-10.75,31.31,11.54,42.2,33.6,36.6
53,0.000,26,22.63,-22.91,-18.46,62.9,55.6,55.3
55,0.000,23,33.12,22.98,1.58,68.4,56.8,58.1
57,0.000,16,-12.62,35.66,-6.27,51.6,43.2,46.6
58,0.000,28,-14.13,-17.26,9.01,18.0,16.9,15.1
61,0.000,18,-32.65,-2.96,6.33,15.1,18.7,20.2
62,0.000,15,-5.49,-9.52,-13.32,38.0,31.5,32.4
63,0.000,15,-44.02,12.28,14.31,27.4,31.1,33.2
64,0.000,19,11.44,-2.12,-31.36,62.6,54.1,55.5
66,0.000,20,-6.38,-11.86,-19.04,42.7,37.1,38.0
67,0.000,21,-16.89,-12.62,1.55,20.0,17.5,17.6
81,0.000,27,-12.70,37.40,6.70,48.2,40.1,43.3
82,0.000,40,-35.01,7.76,0.81,25.4,25.5,28.2
85,0.000,70,-7.04,10.79,-28.50,54.0,46.3,48.9
87,0.000,243,-6.33,21.41,14.24,35.0,25.1,27.7
