lig_id,best_affinity_kcal_mol
Z39011,-7.518
Z13478,-7.627
Z13607,-7.756
Z46067,-8.332
Z09314,-7.734
Z25535,-7.432
Z34489,-8.431
Z49450,-7.145
Z37808,-8.59
Z09189,-7.461
Z17485,-8.862
Z30739,-8.934
Z27354,-7.393
Z35688,-8.803
Z04567,-9.088
Z27962,-7.402
Z10031,-7.683
Z20842,-7.681
Z16714,-8.614
Z16044,-7.75
Z37768,-7.674
Z35520,-8.278
Z11045,-8.505
Z21746,-6.161
Z25156,-7.597
Z08880,-8.189
Z32412,-7.561
Z43506,-9.605
Z36747,-6.698
Z30210,-7.176
Z30587,-7.44
Z09734,-8.892
Z34288,-7.505
Z22993,-9.059
Z11521,-8.026
Z09574,-7.237
Z27433,-7.141
Z10813,-7.985
Z32920,-8.266
Z27945,-8.56
Z29770,-8.201
Z12093,-7.11
Z26621,-6.896
Z02562,-9.622
Z10991,-7.827
Z14042,-7.508
Z10699,-8.115
Z08232,-7.499
Z06051,-8.736
Z13178,-7.968
Z03994,-5.522
Z48964,-4.934
Z37775,-8.894
Z49393,-6.905
Z42215,-8.143
Z36851,-6.584
Z32672,-7.516
Z34076,-7.977
Z46251,-8.643
Z42905,-7.421
Z14299,-7.507
Z08619,-8.625
Z17089,-8.891
Z38389,-8.455
Z10339,-7.602
Z42889,-8.934
Z40691,-7.819
Z35208,-8.153
Z04744,-9.233
Z29871,-5.916
Z40546,-7.787
Z17185,-6.337
Z29584,-8.007
Z13691,-8.791
Z46733,-6.762
Z46676,-5.347
Z33178,-7.182
Z44595,-9.384
Z32528,-9.12
Z17668,-7.734
Z20401,-8.386
Z05056,-8.651
Z13598,-8.45
Z49498,-9.417
Z42601,-7.226
Z25964,-8.754
Z06091,-6.479
Z49951,-7.615
Z10689,-8.246
Z01958,-7.367
Z34448,-7.493
Z40860,-7.596
Z27047,-7.301
Z16818,-7.951
Z05286,-7.662
Z34745,-7.841
Z00021,-7.146
Z31448,-8.829
Z32118,-9.285
Z48259,-8.89
Z12845,-8.847
Z31122,-7.216
Z24329,-8.258
Z35758,-6.787
Z26848,-9.612
Z39591,-7.256
Z41247,-8.625
Z43463,-8.617
Z23268,-7.951
Z40523,-5.643
Z45732,-8.865
Z13861,-6.732
Z24536,-7.822
Z17065,-9.531
Z10047,-6.249
Z20672,-9.09
Z36858,-8.838
Z41289,-7.904
Z35709,-8.063
Z21704,-8.284
Z12631,-7.587
Z41889,-6.519
Z25324,-9.565
Z47629,-8.353
Z06533,-8.094
Z23259,-5.55
Z01011,-6.858
Z30022,-8.37
Z31431,-8.083
Z06607,-7.487
Z11208,-7.613
Z44966,-8.029
Z14622,-8.932
Z01383,-7.905
Z28675,-7.27
Z48772,-8.158
Z24143,-8.484
Z09124,-8.913
Z14320,-8.374
Z37044,-6.604
Z01835,-7.963
Z02654,-7.047
Z23956,-8.906
Z08875,-7.914
Z28905,-8.317
Z00851,-6.958
Z10436,-7.943
Z07138,-6.03
Z08171,-6.79
Z19206,-7.762
Z15670,-8.029
Z06003,-7.306
Z08677,-8.832
Z12137,-7.75
Z26088,-7.555
Z19281,-7.995
Z22624,-6.678
Z30623,-7.614
Z27373,-8.036
Z37703,-7.667
Z28382,-7.175
Z27730,-7.167
Z41608,-7.032
Z43006,-8.372
Z49105,-7.47
Z07400,-8.332
Z42440,-8.572
Z00788,-8.502
Z21692,-8.436
Z30374,-8.859
Z33008,-6.693
Z28621,-8.198
Z04592,-8.395
Z48830,-8.27
Z06185,-7.452
Z01863,-8.04
Z44449,-8.637
Z49934,-9.173
Z29660,-7.802
Z11183,-7.239
Z24530,-7.746
Z43741,-7.855
Z43896,-7.5
Z21483,-6.238
Z49736,-7.194
Z47222,-8.105
Z47872,-7.378
Z27240,-6.787
Z49138,-7.976
Z09200,-8.397
Z01348,-5.51
Z08447,-5.453
Z38196,-7.155
Z01448,-7.484
Z23013,-8.777
Z24260,-9.251
Z32963,-8.139
Z03204,-9.25
Z26661,-8.024
Z32898,-8.085
Z00288,-7.042
Z35325,-8.503
Z37088,-9.091
Z44415,-7.499
Z00862,-7.59
Z41118,-8.529
Z44594,-8.606
Z07918,-7.088
Z02941,-7.874
Z22853,-8.158
Z34752,-7.593
Z31272,-7.128
Z28988,-7.819
Z12491,-7.071
Z40819,-7.611
Z48180,-8.34
Z44407,-7.546
Z47585,-6.602
Z15535,-7.414
Z21917,-7.603
Z06672,-6.643
Z37873,-7.014
Z42252,-7.712
Z49948,-8.568
Z21925,-7.62
Z46248,-7.934
Z48278,-6.762
Z10705,-8.181
Z38705,-9.502
Z15803,-8.837
Z39237,-8.449
Z11972,-9.345
Z48967,-8.61
Z00253,-8.624
Z30030,-8.606
Z44845,-9.147
Z01542,-6.902
Z49526,-7.794
Z06295,-7.86
Z11494,-7.97
Z02586,-7.827
Z22659,-7.662
Z12445,-8.548
Z28297,-7.196
Z23950,-7.77
Z13493,-7.272
Z17435,-8.135
Z22219,-9.093
Z31498,-7.896
Z30213,-6.774
Z35986,-7.623
Z09373,-6.041
Z37529,-8.064
Z34933,-8.368
Z28572,-7.194
Z37746,-7.61
Z39832,-7.496
Z42218,-7.957
Z38682,-9.437
Z13457,-8.029
Z08187,-7.279
Z40297,-8.339
Z43740,-8.536
Z24715,-6.676
Z14044,-7.77
Z40891,-7.578
Z45018,-7.075
Z43215,-7.391
Z28750,-8.145
Z12365,-8.727
Z06408,-9.265
Z03232,-8.119
Z17378,-8.181
Z18548,-8.609
Z11613,-8.361
Z11199,-8.393
Z19638,-8.566
Z27993,-8.727
Z24006,-7.933
Z10214,-6.366
Z29406,-8.383
Z37860,-8.074
Z42487,-8.722
Z06721,-6.655
Z39227,-9.571
Z08466,-7.73
Z01773,-8.663
Z04104,-8.826
Z02771,-6.683
Z03373,-8.448
Z10949,-7.436
Z26433,-7.472
Z28851,-8.106
Z18643,-6.665
Z27556,-7.406
Z24037,-8.593
Z00741,-7.303
Z30025,-8.337
Z31499,-7.573
Z01845,-7.28
Z02289,-7.28
Z34003,-7.408
Z07848,-8.422
Z06356,-6.729
Z11040,-7.232
Z21202,-7.697
Z25489,-8.341
Z13629,-9.232
Z14661,-8.757
Z36430,-7.724
Z24799,-9.221
Z25118,-8.918
Z39520,-8.868
Z21144,-6.267
Z37800,-8.204
Z39557,-7.417
Z41133,-7.106
Z42966,-7.379
Z22929,-8.334
Z42359,-8.395
Z30486,-8.993
Z42154,-9.049
Z04427,-6.976
Z45195,-5.979
Z32079,-8.937
Z42528,-8.243
Z24586,-6.182
Z01593,-7.845
Z00482,-8.943
Z03834,-8.367
Z05657,-8.541
Z06949,-7.277
Z06012,-8.242
Z07102,-8.054
Z03501,-9.279
Z09513,-7.795
Z10267,-7.626
Z11301,-8.846
Z13942,-7.634
Z12828,-8.056
Z22978,-7.277
Z13211,-7.353
Z03935,-6.336
Z19543,-7.983
Z25129,-7.005
Z28008,-8.42
Z30003,-8.719
Z32149,-7.556
Z28003,-8.607
Z28588,-9.297
Z30053,-7.83
Z32498,-7.404
Z39035,-8.157
Z18162,-5.888
Z03480,-7.625
Z00051,-7.276
Z37931,-7.088
Z01609,-6.839
Z39402,-9.394
Z08801,-8.071
Z07658,-8.678
Z13747,-7.319
Z08444,-7.417
Z14781,-7.285
Z23000,-8.21
Z23769,-7.244
Z21684,-7.806
Z29221,-7.665
Z02890,-9.445
Z25828,-8.132
Z30358,-6.76
Z34426,-8.049
Z39217,-7.764
Z43724,-7.003
Z26207,-7.065
Z17858,-7.841
Z46472,-7.965
Z34333,-7.549
Z47980,-8.189
Z47049,-7.156
Z08129,-9.208
Z31656,-8.555
Z19534,-7.654
Z44604,-9.096
Z00935,-7.501
Z03884,-7.419
Z00992,-8.235
Z25848,-8.882
Z04166,-7.375
Z05661,-8.046
Z01121,-7.409
Z34265,-7.476
Z14096,-7.093
Z09983,-8.222
Z07871,-6.473
Z14409,-7.249
Z15937,-7.971
Z11135,-7.838
Z20224,-7.828
Z16830,-7.678
Z18792,-9.074
Z23250,-8.038
Z20624,-6.754
Z28907,-7.919
Z33980,-8.557
Z39034,-7.213
Z15689,-8.221
Z29773,-7.399
Z32949,-8.175
Z37484,-8.508
Z48455,-7.621
Z41643,-7.532
Z47898,-8.802
Z02759,-7.191
Z48184,-8.395
Z06465,-8.007
Z00941,-7.435
Z09924,-7.775
Z03156,-8.448
Z06497,-9.228
Z15253,-7.518
Z13050,-8.903
Z49273,-9.262
Z15778,-6.305
Z20004,-7.735
Z17316,-6.743
Z16317,-8.406
Z32969,-7.327
Z20505,-8.667
Z13937,-8.16
Z35816,-8.77
Z21894,-7.888
Z35376,-8.362
Z40898,-7.813
Z46388,-8.61
Z46646,-7.411
Z47700,-7.431
Z02825,-9.04
Z44022,-8.443
Z00672,-7.013
Z04010,-7.715
Z03027,-7.452
Z31532,-6.062
Z03045,-7.494
Z14535,-8.268
Z15869,-8.004
Z19223,-8.174
Z24471,-8.01
Z21772,-9.243
Z24332,-8.19
Z25647,-8.816
Z20307,-8.776
Z30896,-7.992
Z32195,-8.315
Z41234,-8.364
Z38086,-8.434
Z40998,-6.651
Z33246,-8.186
Z41953,-7.578
Z28527,-7.889
Z49196,-7.633
Z37294,-6.735
Z17370,-10.072
Z40611,-9.882
Z28205,-7.851
Z27688,-8.769
Z38742,-8.672
Z17152,-9.286
Z46656,-9.056
Z31196,-7.764
Z02544,-7.773
Z00064,-7.986
Z07004,-7.189
Z05713,-7.787
Z19731,-7.489
Z08411,-7.569
Z12923,-8.547
Z49626,-8.463
Z28686,-7.326
Z22846,-7.269
Z27417,-7.836
Z31235,-7.363
Z37918,-7.238
Z32200,-6.401
Z34178,-8.188
Z43118,-7.101
Z42935,-7.795
Z00145,-8.364
Z01925,-7.941
Z30991,-7.673
Z06862,-8.398
Z03372,-9.176
Z13894,-8.061
Z12121,-7.667
Z14169,-7.895
Z15299,-8.805
Z14318,-7.787
Z21164,-7.845
Z18498,-7.716
Z19110,-8.07
Z06741,-7.708
Z22416,-8.953
Z27410,-7.626
Z29586,-7.862
Z24995,-8.646
Z27997,-7.757
Z38575,-9.226
Z32936,-8.955
Z43888,-8.628
Z41187,-6.647
Z42082,-7.956
Z09027,-7.874
Z20036,-7.047
Z40417,-7.698
Z31081,-8.719
Z46918,-9.222
Z48462,-8.142
Z47874,-8.282
Z06159,-9.39
Z26592,-9.398
Z23032,-9.801
Z04160,-8.916
Z21611,-9.027
Z07157,-8.888
Z25947,-8.665
Z00311,-8.999
Z00704,-6.824
Z00038,-7.614
Z00420,-7.922
Z34767,-9.18
Z03538,-7.793
Z04029,-7.242
Z04722,-7.829
Z03170,-8.322
Z09006,-6.381
Z11383,-7.145
Z12026,-7.708
Z12576,-7.54
Z14075,-7.789
Z17784,-7.05
Z20927,-7.796
Z17397,-7.548
Z19200,-7.212
Z24838,-7.889
Z24481,-8.335
Z25022,-7.064
Z11799,-5.378
Z29820,-7.105
Z29524,-6.859
Z33985,-8.253
Z24823,-8.589
Z30988,-7.149
Z30803,-7.79
Z42879,-8.202
Z36311,-8.633
Z38613,-7.786
Z38120,-7.571
Z38008,-8.758
Z47430,-7.535
Z43495,-7.787
Z40072,-6.88
Z48507,-6.895
Z46293,-8.792
Z48203,-8.47
Z48398,-8.338
Z00099,-9.829
Z10326,-7.676
Z07698,-8.167
Z11911,-8.998
Z12040,-8.294
Z02177,-8.615
Z12271,-7.971
Z21820,-8.801
Z14745,-7.939
Z12701,-8.804
Z48283,-5.122
Z14039,-8.744
Z19833,-8.412
Z14401,-8.292
Z28865,-7.762
Z29789,-8.229
Z23455,-8.22
Z30104,-8.539
Z31106,-8.55
Z25445,-8.442
Z32697,-8.888
Z23246,-5.869
Z35418,-7.975
Z31382,-7.912
Z35742,-8.67
Z33201,-8.584
Z36789,-8.069
Z14029,-7.318
Z42771,-7.839
Z37679,-8.422
Z42054,-8.748
Z42064,-7.453
Z46859,-8.53
Z03780,-7.427
Z23793,-9.404
Z23958,-8.285
Z07669,-6.864
Z13151,-6.54
Z49106,-9.204
Z44523,-9.299
Z16392,-6.983
Z28195,-7.105
Z44202,-8.448
Z44978,-7.951
Z38944,-7.632
Z00870,-7.697
Z00489,-7.808
Z18957,-6.691
Z43939,-5.961
Z48941,-6.927
Z05189,-7.622
Z06109,-8.097
Z11136,-4.7
Z04332,-8.178
Z15462,-5.956
Z07774,-6.955
Z10704,-8.003
Z04918,-8.139
Z13310,-7.675
Z10708,-8.648
Z13678,-8.023
Z15688,-8.205
Z19196,-7.034
Z18736,-7.426
Z15576,-7.782
Z19259,-9.451
Z27713,-8.033
Z20834,-7.46
Z22479,-6.76
Z22614,-7.483
Z28610,-7.872
Z27659,-7.746
Z34678,-7.333
Z33775,-9.12
Z28767,-7.125
Z35410,-7.29
Z20436,-5.454
Z35043,-8.231
Z29674,-8.333
Z36955,-8.087
Z39325,-8.0
Z42921,-7.25
Z42460,-7.98
Z43619,-7.555
Z44823,-7.196
Z44873,-6.726
Z00912,-8.068
Z26150,-5.974
Z45778,-8.279
Z01660,-8.047
Z06055,-8.227
Z04845,-8.74
Z17632,-7.709
Z08067,-8.112
Z05804,-9.074
Z21398,-8.921
Z16525,-8.193
Z12029,-7.693
Z23578,-7.437
Z35938,-7.724
Z23217,-8.174
Z29754,-8.72
Z32870,-8.514
Z36037,-7.945
Z25923,-8.472
Z37851,-8.625
Z33687,-8.379
Z42738,-8.193
Z44817,-8.222
Z42135,-7.834
Z44828,-7.892
Z43121,-9.143
Z45529,-8.793
Z47013,-7.846
Z43703,-7.095
Z49534,-7.553
Z46031,-5.99
Z03278,-8.44
Z03320,-6.741
Z02106,-7.261
Z49919,-8.006
Z04725,-9.367
Z04568,-7.69
Z05503,-7.363
Z12770,-7.207
Z46840,-9.568
Z14586,-7.709
Z11309,-8.204
Z19937,-6.993
Z29467,-7.262
Z24024,-6.832
Z29967,-7.054
Z27060,-6.604
Z34667,-6.413
Z49319,-8.047
Z36518,-6.795
Z47942,-7.174
Z40911,-6.93
Z49381,-6.87
Z03359,-7.741
Z04850,-7.733
Z01026,-7.933
Z20442,-7.712
Z06398,-7.536
Z07022,-8.554
Z06658,-8.383
Z06778,-8.472
Z05886,-7.772
Z43501,-8.586
Z07952,-7.817
Z10021,-9.038
Z13279,-8.249
Z12843,-9.311
Z09366,-7.229
Z12858,-8.076
Z10043,-7.553
Z48291,-6.012
Z13320,-7.824
Z14567,-8.313
Z20302,-6.978
Z19434,-7.375
Z20935,-9.305
Z20373,-8.373
Z21591,-7.502
Z18671,-9.194
Z21983,-7.285
Z21570,-7.781
Z22641,-6.7
Z22696,-8.118
Z24700,-7.468
Z32319,-7.414
Z31119,-8.114
Z31989,-8.064
Z32883,-7.59
Z27526,-7.575
Z30600,-7.358
Z34759,-8.78
Z30010,-9.024
Z37067,-8.526
Z33983,-7.303
Z34651,-9.054
Z37141,-7.17
Z38571,-8.571
Z37591,-7.89
Z40098,-7.364
Z42334,-8.596
Z41994,-8.077
Z41644,-7.825
Z43071,-8.402
Z43791,-7.928
Z42216,-8.324
Z46344,-7.568
Z47009,-8.401
Z47314,-7.2
Z45899,-7.773
Z46463,-7.998
Z49069,-8.09
Z44356,-8.112
Z49813,-7.611
Z00979,-8.871
Z03741,-8.839
Z03365,-8.898
Z48037,-6.771
Z04700,-8.518
Z12178,-9.674
Z15580,-9.604
Z13837,-8.204
Z08636,-8.422
Z22690,-8.632
Z17317,-8.079
Z06893,-7.379
Z22384,-8.358
Z22863,-8.54
Z30273,-8.699
Z31861,-7.833
Z31647,-8.582
Z31110,-7.852
Z28539,-8.085
Z32635,-8.635
Z38213,-9.168
Z42461,-7.634
Z38359,-9.1
Z26918,-6.763
Z40713,-7.281
Z44907,-9.207
Z32933,-8.571
Z32105,-6.353
Z45051,-8.762
Z48745,-8.573
Z09261,-9.608
Z34720,-5.257
Z16043,-9.362
Z29895,-9.168
Z44752,-9.271
Z17573,-6.982
Z08745,-7.168
Z41482,-8.324
Z15745,-7.164
Z18067,-8.317
Z45269,-8.133
Z24022,-6.973
Z35224,-7.154
Z36285,-6.739
Z38863,-7.843
Z40988,-6.736
Z29179,-8.005
Z40890,-8.571
Z35813,-7.974
Z35574,-7.483
Z00936,-8.792
Z03158,-7.661
Z01932,-7.569
Z06986,-7.363
Z01429,-8.491
Z03904,-8.849
Z05891,-8.241
Z02946,-8.293
Z12494,-7.932
Z17215,-8.146
Z09360,-8.779
Z17882,-7.79
Z14508,-9.014
Z17907,-7.828
Z11693,-8.316
Z22679,-8.39
Z43315,-6.677
Z18389,-8.028
Z22228,-7.409
Z23150,-7.464
Z24289,-7.872
Z19920,-6.812
Z21863,-7.556
Z24945,-8.29
Z25485,-7.272
Z16638,-6.064
Z27452,-8.381
Z26533,-8.599
Z27123,-8.226
Z29614,-8.265
Z27332,-7.418
Z30477,-8.048
Z31745,-6.837
Z32230,-7.878
Z31383,-6.926
Z36156,-7.706
Z24447,-5.821
Z31708,-7.765
Z30441,-6.033
Z37227,-8.044
Z37477,-8.818
Z39056,-8.098
Z36730,-7.593
Z37899,-7.918
Z36486,-8.01
Z40603,-7.904
Z39302,-7.386
Z44895,-7.696
Z45052,-7.668
Z42050,-8.603
Z45767,-7.594
Z44021,-8.154
Z46464,-8.92
Z48824,-8.611
Z47300,-8.581
Z48922,-7.656
Z48846,-8.707
Z40466,-5.696
Z49295,-8.099
Z09191,-6.755
Z14143,-8.239
Z44406,-6.744
Z16469,-9.064
Z41726,-6.029
Z11643,-8.819
Z22568,-9.145
Z11364,-8.091
Z26453,-8.715
Z24931,-8.615
Z25006,-6.983
Z06296,-7.465
Z26937,-8.752
Z29775,-9.119
Z27604,-8.191
Z27525,-9.095
Z37902,-9.725
Z32565,-8.98
Z27115,-9.451
Z36574,-8.832
Z34324,-8.396
Z38228,-9.834
Z39585,-8.745
Z45030,-8.662
Z41264,-9.81
Z42737,-9.22
Z46638,-8.144
Z47050,-8.134
Z46324,-9.221
Z49830,-9.308
Z48784,-8.131
Z47474,-7.947
Z00316,-6.798
Z13688,-8.697
Z01420,-6.616
Z32390,-10.522
Z30416,-9.641
Z02000,-8.612
Z44799,-9.681
Z00727,-7.575
Z02142,-6.297
Z02349,-8.313
Z02058,-9.21
Z02597,-7.149
Z02272,-7.578
Z02909,-7.437
Z01685,-8.377
Z03570,-9.718
Z03447,-8.927
Z03245,-7.092
Z02719,-8.646
Z03838,-8.33
Z05944,-7.905
Z05293,-8.98
Z05014,-7.721
Z05364,-6.866
Z06903,-6.838
Z06202,-7.499
Z06833,-7.549
Z05625,-8.877
Z07178,-7.731
Z06300,-7.886
Z07637,-8.663
Z08562,-7.388
Z08191,-7.335
Z07211,-8.708
Z08593,-8.399
Z09167,-7.119
Z06682,-8.946
Z08806,-8.8
Z12890,-7.617
Z12000,-8.334
Z12645,-8.305
Z12338,-8.214
Z12928,-7.344
Z14457,-7.715
Z09323,-9.026
Z10381,-9.007
Z15216,-8.812
Z17446,-7.335
Z16240,-9.17
Z17312,-7.677
Z14751,-8.076
Z14962,-7.889
Z13049,-8.719
Z16589,-6.692
Z18059,-6.87
Z17728,-7.508
Z18224,-7.394
Z18348,-7.838
Z18384,-8.54
Z18016,-7.25
Z18382,-7.215
Z19170,-7.585
Z19233,-7.879
Z19236,-8.648
Z19514,-8.7
Z19252,-9.168
Z19436,-7.636
Z19860,-8.716
Z22440,-7.735
Z19629,-7.748
Z20681,-8.003
Z19889,-7.449
Z20990,-7.753
Z22286,-8.375
Z22625,-8.052
Z23383,-8.26
Z24529,-8.603
Z23025,-8.127
Z24585,-7.844
Z26343,-7.51
Z24881,-8.446
Z25184,-7.742
Z25178,-8.281
Z26053,-8.009
Z26373,-7.96
Z24623,-6.176
Z27129,-8.273
Z26618,-8.8
Z27853,-7.9
Z27315,-7.85
Z27341,-7.871
Z28211,-7.367
Z27998,-7.751
Z27558,-9.484
Z28188,-6.866
Z28853,-8.136
Z28212,-8.37
Z29121,-7.605
Z28995,-8.99
Z29479,-7.929
Z30887,-6.764
Z31034,-8.049
Z30811,-8.783
Z29886,-8.724
Z30237,-9.343
Z31312,-7.759
Z31765,-9.288
Z29060,-10.075
Z32645,-7.764
Z33061,-8.376
Z33099,-8.482
Z32573,-8.726
Z32187,-7.982
Z31769,-8.534
Z33281,-7.62
Z33777,-8.457
Z33899,-8.014
Z33954,-7.153
Z34024,-7.397
Z34021,-9.051
Z35260,-7.941
Z34388,-8.042
Z34733,-8.092
Z36068,-8.294
Z35610,-6.88
Z37178,-6.952
Z36107,-8.186
Z35588,-7.656
Z35286,-4.931
Z39736,-8.1
Z39348,-8.148
Z39775,-8.068
Z40078,-8.83
Z40179,-8.385
Z40399,-8.642
Z36165,-4.744
Z41221,-7.562
Z41669,-7.576
Z42507,-7.224
Z42011,-6.833
Z41807,-9.206
Z43572,-8.171
Z44426,-7.066
Z43214,-7.19
Z44315,-8.329
Z39144,-6.733
Z45728,-7.096
Z45408,-6.876
Z45003,-8.943
Z47158,-6.716
Z44505,-9.424
Z47145,-6.778
Z45798,-9.77
Z45349,-8.308
Z48522,-8.068
Z48682,-8.21
Z49223,-8.016
Z49514,-7.727
Z48810,-9.46
Z48926,-8.874
Z46961,-5.927
Z49200,-8.814
Z05694,-8.036
Z49574,-7.034
Z05673,-7.562
Z11554,-9.295
Z04946,-8.917
Z10283,-8.054
Z08419,-9.011
Z22975,-9.08
Z12513,-8.944
Z10586,-8.106
Z11597,-8.978
Z16223,-8.793
Z17877,-9.14
Z10595,-8.122
Z15471,-9.376
Z21168,-8.076
Z19876,-8.572
Z14596,-6.529
Z22705,-8.881
Z18142,-8.971
Z25636,-7.408
Z42961,-8.897
Z42553,-9.091
Z25930,-7.936
Z39407,-9.208
Z00776,-7.567
Z02241,-8.279
Z02507,-7.77
Z01703,-8.01
Z02297,-6.932
Z02996,-7.222
Z48041,-7.819
Z02429,-7.573
Z04272,-7.154
Z05758,-8.097
Z06601,-8.076
Z04031,-6.184
Z06507,-8.195
Z06062,-7.687
Z04360,-9.376
Z08079,-7.758
Z06236,-8.177
Z09147,-9.015
Z09555,-8.96
Z11832,-8.011
Z10064,-8.386
Z10776,-7.696
Z11923,-8.872
Z11899,-8.438
Z12875,-7.48
Z12077,-8.184
Z12669,-7.152
Z13954,-7.308
Z14114,-8.597
Z13556,-8.54
Z13450,-8.604
Z13912,-8.094
Z14321,-8.479
Z13779,-8.711
Z14864,-7.726
Z14551,-7.861
Z15880,-8.048
Z16260,-8.509
Z18995,-8.23
Z19316,-8.188
Z20338,-7.596
Z19714,-9.008
Z17473,-7.89
Z21779,-7.252
Z14144,-7.208
Z19674,-7.266
Z24122,-7.551
Z23673,-7.975
Z25300,-8.858
Z22234,-8.605
Z23738,-9.322
Z17684,-6.005
Z26116,-9.067
Z24794,-8.393
Z31419,-8.636
Z26496,-7.551
Z27043,-8.326
Z32487,-8.138
Z29931,-8.256
Z32186,-8.272
Z32213,-8.665
Z28911,-7.6
Z34148,-8.417
Z35622,-6.597
Z36158,-7.484
Z37819,-8.129
Z38068,-7.966
Z41613,-7.639
Z37771,-8.461
Z38768,-8.004
Z38434,-8.992
Z38455,-8.372
Z41805,-6.916
Z38835,-8.09
Z36252,-6.511
Z43386,-8.099
Z42748,-8.638
Z41907,-8.014
Z42300,-7.697
Z44476,-8.222
Z44179,-8.371
Z44833,-7.923
Z45053,-8.069
Z45775,-8.564
Z45129,-8.313
Z47934,-8.345
Z46617,-6.85
Z49453,-8.187
Z48526,-8.595
Z00122,-8.24
Z00427,-6.96
Z49100,-8.529
Z00373,-7.176
Z49965,-7.795
Z01232,-8.466
Z02732,-8.535
Z47602,-6.781
Z06803,-7.09
Z01331,-7.971
Z05617,-7.389
Z08699,-6.989
Z11747,-7.881
Z10678,-7.871
Z08157,-7.594
Z14314,-6.179
Z15116,-7.298
Z17315,-6.504
Z08382,-7.803
Z16262,-7.19
Z17361,-6.944
Z19410,-8.174
Z19588,-7.136
Z20220,-7.549
Z25002,-7.184
Z22647,-7.584
Z21022,-8.021
Z26281,-6.751
Z24252,-7.086
Z28054,-6.812
Z31722,-7.05
Z33027,-6.724
Z26922,-8.209
Z30369,-7.151
Z33030,-8.011
Z34301,-8.104
Z35482,-8.274
Z38576,-7.261
Z40398,-7.335
Z37117,-7.341
Z38926,-7.773
Z27985,-5.929
Z41237,-6.634
Z36196,-6.673
Z41748,-8.497
Z36790,-6.485
Z41865,-7.483
Z42024,-7.59
Z42997,-7.25
Z43738,-7.416
Z43930,-7.889
Z41908,-7.345
Z38962,-5.764
Z47501,-7.52
Z43982,-8.128
Z44386,-7.213
Z47561,-7.685
Z47706,-7.71
Z47679,-6.842
Z36085,-7.813
Z48054,-6.977
Z38347,-7.379
Z49077,-7.277
Z20098,-8.946
Z25570,-9.625
Z08146,-9.485
Z04413,-9.007
Z10800,-8.282
Z33724,-8.928
Z23534,-8.711
Z09220,-9.488
Z14305,-8.472
Z15473,-9.071
Z21974,-9.736
Z20566,-9.668
Z23924,-9.376
Z24719,-8.217
Z25373,-8.554
Z31464,-8.527
Z30778,-8.505
Z22098,-6.704
Z26917,-8.646
Z30367,-7.298
Z33819,-7.908
Z32174,-8.164
Z36756,-8.381
Z44647,-8.961
Z38453,-9.172
Z39642,-9.112
Z39242,-9.258
Z00041,-8.228
Z45857,-9.263
Z47113,-9.137
Z49515,-8.614
Z46952,-9.129
Z48744,-9.026
Z46066,-9.169
Z47204,-8.53
Z01124,-8.977
Z00735,-8.343
Z00891,-9.201
Z01304,-8.144
Z01522,-7.213
Z01905,-8.21
Z03016,-7.639
Z03637,-8.234
Z03718,-8.668
Z03728,-7.715
Z01165,-8.776
Z03793,-8.556
Z02520,-6.9
Z05312,-8.418
Z04759,-7.57
Z07355,-8.797
Z06998,-8.33
Z07675,-7.579
Z06609,-7.753
Z10152,-7.426
Z09869,-8.315
Z10737,-8.403
Z10875,-9.047
Z11151,-8.463
Z11491,-7.45
Z11512,-7.991
Z12661,-8.449
Z06502,-7.005
Z11614,-8.811
Z11143,-7.653
Z11594,-8.881
Z12961,-8.621
Z15830,-7.909
Z16578,-8.109
Z13840,-8.378
Z15856,-7.768
Z16211,-6.985
Z17063,-8.276
Z16946,-7.77
Z14712,-6.393
Z17800,-7.925
Z09287,-5.014
Z17123,-7.871
Z18883,-7.818
Z18667,-7.652
Z22359,-7.929
Z17469,-8.602
Z24363,-8.241
Z23599,-7.472
Z25913,-7.802
Z26185,-8.429
Z27255,-9.626
Z20336,-8.703
Z27940,-8.242
Z25259,-7.94
Z26304,-8.419
Z25165,-8.051
Z27788,-7.065
Z29140,-6.806
Z29147,-7.175
Z31141,-8.659
Z30589,-8.107
Z31146,-8.404
Z30129,-7.528
Z31492,-9.207
Z33155,-8.858
Z31832,-7.563
Z31694,-8.615
Z33446,-9.215
Z33731,-9.044
Z33773,-8.243
Z34997,-8.604
Z35158,-8.257
Z36891,-7.29
Z35500,-6.986
Z36153,-7.299
Z36206,-7.641
Z29904,-6.291
Z38096,-7.878
Z37155,-8.085
Z41211,-9.414
Z39842,-8.832
Z36693,-6.446
Z41741,-7.507
Z42633,-7.993
Z37731,-8.337
Z42806,-7.479
Z44618,-7.872
Z43241,-8.297
Z38836,-6.278
Z44428,-9.076
Z45649,-8.153
Z43987,-8.37
Z42311,-6.697
Z45937,-8.211
Z46663,-8.916
Z47576,-8.41
Z47232,-8.015
Z46013,-8.435
Z48261,-8.001
Z48903,-7.818
Z49652,-8.73
Z00273,-7.438
Z00353,-7.502
Z00293,-8.524
Z49512,-8.292
Z49292,-8.362
Z45893,-6.183
Z02895,-6.563
Z02016,-8.571
Z04393,-8.304
Z03024,-6.893
Z06553,-7.6
Z04069,-7.993
Z07450,-7.989
Z07850,-6.755
Z06342,-7.203
Z09185,-8.125
Z09372,-7.595
Z04824,-8.05
Z10547,-8.693
Z09300,-7.546
Z11274,-7.134
Z10206,-6.88
Z12180,-7.767
Z09343,-7.038
Z11784,-6.798
Z15901,-7.474
Z12468,-8.284
Z17227,-7.563
Z17247,-7.08
Z13385,-7.432
Z15023,-7.019
Z16831,-6.858
Z17495,-6.863
Z21498,-7.335
Z23998,-7.462
Z23327,-7.226
Z24109,-8.029
Z19367,-8.061
Z18830,-7.132
Z21725,-9.461
Z25135,-6.712
Z24944,-7.1
Z27826,-6.938
Z28446,-7.849
Z27397,-7.178
Z26001,-7.931
Z29258,-7.531
Z29142,-8.673
Z29502,-7.414
Z29905,-7.855
Z31188,-8.02
Z31211,-8.386
Z31933,-7.867
Z35756,-7.372
Z35567,-7.958
Z40345,-7.638
Z25892,-5.799
Z40312,-7.816
Z39133,-8.75
Z36899,-8.033
Z44103,-6.831
Z44914,-8.164
Z42297,-7.826
Z41594,-7.587
Z41546,-7.163
Z42924,-8.043
Z46738,-6.539
Z47757,-6.881
Z46715,-7.94
Z48416,-7.546
Z06499,-6.692
Z48096,-7.038
Z49421,-8.372
Z49437,-8.401
Z48877,-6.932
Z33288,-6.527
Z12080,-7.661
Z24942,-8.309
Z19051,-6.274
Z32480,-6.25
Z08793,-7.519
Z27852,-6.8
Z34243,-7.257
Z39064,-7.096
Z38293,-8.144
Z38883,-7.477
Z39095,-7.26
Z16379,-9.272
Z46459,-7.306
Z36994,-9.912
Z09393,-9.57
Z32401,-8.648
Z47005,-6.887
Z06956,-8.767
Z49373,-8.736
Z00950,-8.097
Z10541,-9.056
Z01336,-8.304
Z09977,-8.437
Z07608,-7.878
Z11514,-8.685
Z07949,-7.883
Z12274,-9.639
Z14680,-9.623
Z18139,-8.758
Z17506,-8.176
Z21855,-7.697
Z27711,-9.157
Z18086,-8.299
Z30319,-8.721
Z25085,-7.59
Z25822,-9.183
Z34748,-8.908
Z36688,-9.428
Z31061,-8.335
Z39526,-9.292
Z42100,-8.641
Z41386,-9.166
Z41001,-8.721
Z35769,-8.093
Z40530,-8.159
Z45116,-9.386
Z43352,-8.364
Z46412,-9.188
Z00062,-7.811
Z48554,-8.828
Z00847,-8.425
Z01115,-10.113
Z01847,-8.434
Z04524,-7.76
Z03199,-8.655
Z03737,-8.0
Z05896,-8.364
Z09022,-8.151
Z08727,-6.833
Z06042,-8.477
Z09711,-8.596
Z09226,-9.171
Z09818,-8.359
Z10785,-7.884
Z10098,-8.313
Z10780,-8.626
Z11365,-8.661
Z11013,-7.674
Z14425,-8.398
Z10251,-7.516
Z11535,-8.166
Z13347,-7.659
Z14710,-7.632
Z13659,-8.122
Z15320,-8.442
Z16197,-8.523
Z16712,-8.243
Z18651,-8.957
Z18836,-7.957
Z19711,-8.067
Z22355,-7.55
Z22632,-8.437
Z24084,-9.119
Z24462,-7.783
Z24188,-8.356
Z24249,-8.835
Z21538,-7.193
Z24747,-8.616
Z20079,-6.984
Z17673,-6.897
Z25214,-8.948
Z27913,-7.862
Z25137,-8.272
Z28197,-7.215
Z32595,-8.558
Z29637,-7.953
Z30676,-8.029
Z33484,-8.892
Z31231,-8.062
Z25145,-7.911
Z34331,-8.584
Z33640,-7.701
Z34091,-8.151
Z32116,-8.374
Z34047,-9.059
Z34018,-6.969
Z34296,-9.093
Z35076,-8.233
Z35768,-7.661
Z37266,-8.189
Z36314,-8.505
Z37548,-8.098
Z37076,-8.368
Z38527,-7.664
Z38718,-8.184
Z37431,-8.891
Z34391,-6.696
Z39979,-7.364
Z34735,-5.617
Z42697,-7.829
Z41570,-9.13
Z42778,-8.63
Z43490,-8.611
Z42099,-8.665
Z45535,-8.403
Z47148,-8.256
Z45727,-8.616
Z43170,-8.429
Z41867,-7.175
Z46008,-8.23
Z47906,-7.948
Z46954,-7.094
Z45869,-9.731
Z00535,-7.699
Z48120,-8.362
Z48103,-8.888
Z48756,-8.236
Z48630,-7.936
Z01366,-7.043
Z49230,-7.38
Z01702,-6.672
Z03626,-7.33
Z01513,-7.686
Z49858,-7.439
Z01816,-7.279
Z02894,-8.042
Z03877,-6.979
Z03672,-7.228
Z05154,-7.452
Z06143,-7.9
Z04992,-8.056
Z07501,-8.575
Z08978,-8.215
Z07711,-6.646
Z09490,-8.211
Z14328,-7.574
Z14893,-9.172
Z09754,-7.578
Z11431,-7.299
Z13349,-7.752
Z13252,-7.162
Z15499,-7.787
Z17035,-7.788
Z19295,-8.887
Z21147,-7.48
Z21258,-7.151
Z20768,-7.217
Z19285,-8.209
Z23659,-8.356
Z22907,-7.362
Z24086,-6.662
Z24176,-7.86
Z24981,-6.994
Z17137,-5.957
Z23785,-7.91
Z25857,-7.407
Z24467,-7.502
Z27590,-7.866
Z26210,-7.313
Z28641,-6.902
Z29206,-8.081
Z28558,-8.272
Z29559,-8.435
Z27760,-7.503
Z22269,-6.193
Z29846,-6.934
Z31949,-8.006
Z32016,-7.386
Z34417,-7.721
Z32331,-7.109
Z34427,-8.861
Z33235,-7.996
Z34930,-7.256
Z33036,-7.363
Z34970,-6.508
Z31339,-6.451
Z25951,-5.062
Z36703,-6.972
Z35611,-7.554
Z36171,-7.212
Z40558,-7.918
Z37274,-8.514
Z39417,-7.847
Z37187,-6.993
Z41013,-7.988
Z39570,-6.396
Z41481,-6.94
Z42049,-7.772
Z35290,-5.844
Z41620,-8.123
Z44093,-7.133
Z42273,-8.178
Z43425,-6.412
Z45362,-7.845
Z42224,-8.249
Z45592,-6.719
Z00789,-7.356
Z47637,-7.951
Z08186,-7.128
Z48639,-7.896
Z02989,-8.026
Z48704,-8.128
Z48279,-7.487
Z19189,-8.252
Z45264,-7.471
Z10793,-7.082
Z40806,-9.648
Z39318,-7.075
Z49398,-7.188
Z32374,-7.561
Z32768,-7.468
Z00532,-8.468
Z05703,-9.267
Z01395,-8.272
Z17912,-8.321
Z08662,-8.527
Z18150,-8.725
Z15242,-8.164
Z07271,-8.058
Z21531,-9.069
Z22891,-8.614
Z24644,-8.925
Z35602,-9.006
Z25732,-7.798
Z32076,-8.581
Z38064,-8.838
Z26844,-8.681
Z39109,-8.695
Z13052,-7.25
Z00178,-6.062
Z33967,-8.763
Z00035,-7.595
Z00319,-8.67
Z43002,-7.851
Z45846,-8.593
Z00397,-8.295
Z43557,-9.42
Z45425,-8.483
Z01809,-9.368
Z00917,-8.092
Z02755,-7.282
Z02280,-8.458
Z06454,-8.371
Z02527,-9.199
Z04602,-7.144
Z01820,-7.829
Z02039,-7.433
Z04250,-8.222
Z06574,-7.119
Z06477,-8.146
Z06504,-8.4
Z06722,-7.718
Z10366,-7.707
Z12082,-8.473
Z11885,-7.478
Z12399,-8.341
Z13551,-9.2
Z16857,-7.946
Z14225,-7.348
Z17542,-7.71
Z13429,-8.17
Z15267,-9.039
Z10850,-6.707
Z17908,-8.312
Z18024,-8.372
Z18573,-7.59
Z18768,-7.881
Z18406,-7.927
Z18988,-9.332
Z18514,-8.049
Z19069,-7.543
Z18777,-9.085
Z19637,-8.539
Z20141,-8.225
Z20329,-7.831
Z16978,-5.881
Z19977,-8.472
Z21402,-8.914
Z21984,-8.51
Z21496,-9.496
Z23060,-7.943
Z23974,-8.408
Z23770,-8.208
Z20954,-6.55
Z26345,-8.843
Z23999,-7.97
Z24053,-8.58
Z26378,-8.616
Z25876,-6.263
Z28077,-8.324
Z28155,-7.872
Z26111,-6.222
Z28120,-8.112
Z26166,-8.04
Z28214,-7.936
Z28607,-8.831
Z29122,-8.706
Z29534,-8.041
Z29136,-8.775
Z30442,-8.048
Z31988,-8.795
Z33047,-8.286
Z32813,-7.432
Z28536,-7.737
Z26737,-5.751
Z29819,-7.015
Z33242,-9.325
Z34510,-8.808
Z30924,-6.955
Z32556,-8.101
Z34519,-8.67
Z34059,-7.813
Z35759,-7.564
Z34732,-7.651
Z35147,-7.689
Z37953,-8.366
Z36080,-7.416
Z35135,-8.09
Z36209,-8.214
Z38590,-8.763
Z38295,-8.542
Z39914,-7.606
Z39294,-8.107
Z39504,-8.198
Z40020,-8.641
Z40292,-8.37
Z42449,-9.072
Z39996,-9.021
Z42156,-7.494
Z42288,-10.054
Z36516,-6.76
Z43627,-8.477
Z44381,-8.179
Z44797,-8.025
Z44620,-8.756
Z42183,-8.31
Z44586,-7.602
Z44266,-8.462
Z44725,-9.296
Z44968,-7.854
Z45835,-8.314
Z45703,-9.28
Z45504,-8.846
Z44857,-7.877
Z45541,-8.883
Z45543,-8.898
Z46536,-7.667
Z45918,-9.332
Z46138,-8.962
Z46798,-8.237
Z47556,-8.581
Z47408,-8.425
Z46834,-8.909
Z48238,-8.636
Z46976,-8.916
Z49475,-8.09
Z00494,-7.684
Z00107,-7.247
Z01758,-6.882
Z49697,-8.113
Z02367,-7.346
Z02967,-7.633
Z02164,-7.234
Z02762,-8.152
Z02813,-7.657
Z03540,-7.341
Z06807,-7.385
Z04116,-6.216
Z46691,-7.132
Z08149,-7.859
Z08304,-7.396
Z06914,-8.062
Z09396,-8.337
Z08379,-6.721
Z04511,-7.158
Z09119,-8.341
Z09457,-8.039
Z10610,-7.862
Z09644,-8.448
Z10954,-7.265
Z11422,-7.269
Z11242,-7.281
Z12900,-7.915
Z12035,-8.866
Z15419,-7.636
Z14769,-7.096
Z13709,-7.443
Z13915,-7.351
Z13065,-8.526
Z13732,-7.808
Z15733,-7.291
Z15690,-6.998
Z16206,-7.877
Z16047,-6.504
Z15533,-8.659
Z17384,-7.036
Z16979,-7.16
Z19819,-6.499
Z15070,-6.259
Z17490,-6.893
Z20382,-9.097
Z20226,-8.632
Z19420,-8.887
Z20303,-7.348
Z22331,-7.503
Z21609,-7.173
Z15706,-7.586
Z22353,-6.001
Z23057,-7.579
Z22162,-7.462
Z25139,-7.865
Z25649,-7.949
Z25707,-7.438
Z24423,-8.011
Z26899,-8.375
Z27107,-8.038
Z26010,-7.734
Z27461,-7.613
Z28705,-8.011
Z28411,-7.459
Z28432,-8.033
Z27831,-7.962
Z26772,-7.805
Z28709,-7.48
Z28650,-7.985
Z30207,-7.292
Z29856,-7.744
Z28811,-9.324
Z30702,-7.725
Z30741,-6.707
Z30243,-7.363
Z33414,-7.914
Z31442,-8.678
Z32010,-7.515
Z34525,-7.933
Z32965,-7.889
Z31634,-7.327
Z32482,-9.248
Z35054,-7.663
Z36608,-6.903
Z36833,-8.551
Z35075,-7.242
Z36570,-6.86
Z36999,-7.766
Z37407,-8.324
Z38154,-7.682
Z33437,-6.192
Z37114,-7.988
Z38060,-8.34
Z38569,-7.678
Z38037,-6.558
Z39449,-7.819
Z38580,-8.044
Z39750,-6.773
Z38680,-7.496
Z40421,-6.622
Z39863,-8.732
Z41883,-6.906
Z40933,-7.468
Z40588,-8.208
Z39930,-9.083
Z39362,-8.194
Z36937,-5.224
Z42181,-8.741
Z42347,-7.466
Z43437,-7.611
Z42343,-8.078
Z42342,-7.312
Z43366,-8.85
Z43865,-7.273
Z43595,-6.65
Z42641,-8.273
Z43944,-7.53
Z44742,-8.032
Z45470,-8.248
Z47992,-7.58
Z45648,-8.246
Z46874,-8.436
Z48153,-7.954
Z48619,-6.58
Z48071,-8.431
Z48406,-7.658
Z49883,-7.395
Z03560,-9.347
Z03831,-9.213
Z02396,-8.745
Z48271,-5.404
Z18997,-9.425
Z13299,-7.927
Z18529,-8.947
Z21484,-8.824
Z05256,-8.631
Z39927,-9.654
Z45243,-9.339
Z29413,-8.321
Z49190,-8.675
Z18068,-6.627
Z06683,-7.379
Z20764,-8.052
Z45630,-9.116
Z10478,-7.435
Z25154,-7.757
Z25919,-7.005
Z33583,-6.637
Z31621,-7.072
Z36005,-7.41
Z01993,-5.202
Z34367,-6.956
Z33435,-6.421
Z44755,-6.045
Z42746,-8.249
Z48997,-6.697
Z00212,-8.713
Z01223,-9.048
Z39114,-7.169
Z02962,-9.137
Z01318,-7.905
Z01371,-8.838
Z01709,-8.43
Z03237,-7.97
Z01902,-7.785
Z03593,-8.372
Z04817,-8.827
Z03248,-9.059
Z03787,-8.804
Z35358,-4.388
Z04871,-8.44
Z08147,-9.061
Z07481,-8.053
Z09036,-9.225
Z07007,-8.053
Z10078,-8.096
Z09089,-8.204
Z06782,-8.05
Z12282,-8.624
Z05614,-6.878
Z14954,-8.359
Z14649,-9.156
Z14654,-7.803
Z14830,-8.75
Z16253,-8.236
Z15938,-7.842
Z15092,-8.707
Z14985,-8.391
Z15312,-7.817
Z10819,-6.557
Z11203,-6.864
Z17294,-9.264
Z17353,-8.674
Z14797,-6.496
Z17188,-7.787
Z20186,-8.641
Z19368,-8.215
Z19500,-8.305
Z19554,-7.449
Z18967,-8.408
Z21715,-8.385
Z20475,-7.486
Z20869,-8.843
Z22512,-9.25
Z27054,-8.782
Z26594,-10.287
Z24769,-9.64
Z25012,-7.448
Z28053,-7.528
Z27089,-6.881
Z19517,-7.729
Z28912,-8.433
Z27105,-8.885
Z28715,-9.525
Z29329,-8.997
Z28393,-8.178
Z29362,-8.544
Z29291,-7.781
Z30814,-7.835
Z30745,-8.319
Z31024,-9.705
Z33249,-9.333
Z32473,-9.039
Z31486,-8.59
Z33726,-8.782
Z31208,-8.25
Z37181,-9.059
Z34810,-8.31
Z34185,-7.693
Z36806,-7.945
Z33883,-9.009
Z38323,-7.426
Z37373,-8.9
Z35292,-8.854
Z39071,-8.321
Z38960,-7.973
Z38430,-8.327
Z39602,-7.942
Z38467,-8.458
Z41688,-8.979
Z41123,-8.974
Z40034,-9.167
Z41702,-7.231
Z39759,-7.25
Z42416,-8.324
Z41453,-7.856
Z43427,-8.56
Z44544,-8.476
Z44011,-8.186
Z44559,-8.935
Z46069,-8.334
Z45773,-7.599
Z46169,-9.202
Z45341,-8.783
Z46944,-7.735
Z47327,-8.487
Z47313,-8.694
Z47573,-8.156
Z49546,-8.019
Z00118,-7.178
Z48574,-8.759
Z00578,-7.092
Z00283,-8.094
Z49638,-7.638
Z00666,-6.299
Z28136,-7.871
Z09297,-7.259
Z41976,-7.034
Z00675,-7.576
Z01328,-7.397
Z01271,-8.208
Z03319,-7.345
Z01740,-7.247
Z02884,-7.889
Z01038,-7.634
Z02898,-7.639
Z02930,-7.464
Z03691,-7.683
Z02991,-7.745
Z03908,-7.477
Z05602,-7.125
Z04301,-7.691
Z05866,-8.157
Z03706,-7.485
Z06729,-8.612
Z06996,-8.375
Z05998,-8.709
Z07229,-7.39
Z08532,-6.945
Z08123,-7.133
Z07422,-8.034
Z06210,-7.692
Z07757,-8.229
Z08910,-7.439
Z07563,-9.0
Z08660,-7.751
Z10402,-7.98
Z09813,-8.102
Z09855,-7.197
Z09379,-8.623
Z09943,-7.099
Z10707,-7.772
Z11161,-7.202
Z09873,-7.974
Z11922,-6.621
Z12058,-8.553
Z11278,-8.3
Z12120,-7.019
Z12188,-6.925
Z12404,-8.447
Z12411,-7.704
Z12316,-8.065
Z11168,-6.201
Z12670,-8.286
Z13278,-7.852
Z13563,-6.7
Z14364,-7.925
Z14132,-8.144
Z13945,-7.994
Z13620,-8.839
Z14700,-8.155
Z14669,-7.777
Z15800,-7.891
Z15779,-7.454
Z15477,-8.629
Z16309,-7.054
Z16307,-7.068
Z12690,-6.127
Z16700,-9.567
Z16620,-7.571
Z16342,-8.378
Z18058,-7.261
Z18336,-7.419
Z17165,-8.477
Z18136,-7.66
Z17971,-7.165
Z19137,-7.905
Z19157,-7.75
Z18497,-7.529
Z16118,-6.999
Z18812,-7.405
Z19868,-7.3
Z17335,-6.976
Z19613,-6.765
Z20374,-8.114
Z20482,-8.279
Z20698,-8.363
Z21281,-7.802
Z20178,-8.261
Z22764,-6.529
Z21145,-7.162
Z23117,-7.763
Z21446,-8.244
Z21593,-8.152
Z23540,-6.923
Z23510,-8.131
Z23474,-9.205
Z23833,-8.64
Z24114,-6.968
Z24224,-6.274
Z22722,-6.689
Z24709,-7.723
Z24507,-8.46
Z23954,-7.97
Z24382,-8.15
Z26377,-8.957
Z26452,-7.402
Z26114,-8.357
Z26211,-7.365
Z27437,-7.414
Z22824,-6.366
Z26757,-7.724
Z28718,-7.533
Z28307,-8.206
Z28842,-7.959
Z29126,-7.03
Z28925,-8.132
Z27797,-7.755
Z25049,-6.504
Z29209,-7.404
Z29241,-7.221
Z30292,-8.272
Z29335,-7.861
Z30497,-7.871
Z31204,-8.635
Z31823,-7.69
Z31663,-8.224
Z29521,-8.444
Z32478,-7.782
Z35233,-8.169
Z33744,-9.015
Z35450,-8.393
Z34359,-8.372
Z34214,-7.815
Z36029,-6.987
Z31261,-7.187
Z37590,-7.592
Z36664,-7.095
Z36748,-7.686
Z28348,-6.527
Z38267,-7.196
Z37996,-8.054
Z38908,-7.588
Z39281,-7.991
Z39433,-8.097
Z38319,-7.706
Z37742,-6.875
Z40144,-8.544
Z39462,-7.872
Z39910,-7.27
Z40740,-6.376
Z38546,-7.121
Z41616,-7.758
Z42349,-7.27
Z36853,-6.298
Z42355,-9.512
Z42492,-7.362
Z43421,-7.25
Z42223,-7.724
Z43448,-7.081
Z44265,-8.036
Z43594,-7.941
Z44515,-7.902
Z44958,-7.746
Z44850,-6.936
Z42893,-5.753
Z44654,-7.384
Z45916,-7.369
Z45320,-9.396
Z42711,-5.47
Z46754,-8.496
Z46173,-7.407
Z47091,-8.056
Z46133,-8.292
Z47052,-8.765
Z47224,-9.588
Z46884,-7.787
Z49246,-8.63
Z48345,-7.107
Z49247,-6.644
Z48478,-6.902
Z05701,-9.33
Z04485,-9.606
Z47902,-6.179
Z17050,-9.117
Z45923,-6.927
Z19899,-8.879
Z21247,-9.443
Z04473,-8.751
Z24492,-9.062
Z00151,-8.993
Z00481,-4.804
Z00511,-4.727
Z00201,-8.275
Z49263,-9.608
Z46902,-8.337
Z29454,-8.811
Z00265,-8.659
Z00944,-7.675
Z02824,-8.324
Z03103,-8.325
Z03929,-7.702
Z01097,-9.047
Z05206,-7.525
Z04651,-8.095
Z03432,-8.853
Z04881,-8.212
Z04664,-8.519
Z04985,-9.786
Z05723,-7.333
Z05257,-8.266
Z05633,-7.306
Z07181,-8.384
Z07674,-9.268
Z05445,-8.122
Z08247,-6.833
Z07398,-8.671
Z07385,-8.401
Z07712,-8.828
Z01854,-6.278
Z10649,-7.157
Z07717,-9.008
Z09570,-8.708
Z10495,-8.435
Z08765,-7.305
Z11369,-7.881
Z08825,-7.783
Z12270,-7.854
Z13865,-8.511
Z11897,-9.007
Z14731,-6.451
Z14077,-9.095
Z12759,-8.897
Z14500,-7.784
Z14219,-8.052
Z14920,-7.45
Z11114,-7.959
Z15659,-7.002
Z16660,-8.597
Z15048,-9.038
Z16898,-8.501
Z17733,-6.498
Z17638,-8.304
Z18962,-6.911
Z19593,-9.334
Z17712,-8.108
Z18120,-8.419
Z20138,-7.513
Z19639,-8.751
Z19902,-7.831
Z20283,-8.137
Z16298,-6.545
Z21185,-7.104
Z20294,-9.171
Z20458,-8.87
Z20315,-8.519
Z22813,-7.313
Z22378,-8.191
Z23335,-8.344
Z21948,-7.636
Z23942,-7.382
Z24998,-7.495
Z25288,-8.178
Z23870,-7.861
Z22428,-7.421
Z22651,-7.803
Z23825,-8.803
Z24155,-8.556
Z26042,-9.118
Z26554,-8.129
Z26204,-8.216
Z27112,-8.135
Z27384,-8.614
Z27527,-8.058
Z28349,-8.617
Z28418,-6.648
Z31201,-6.954
Z27821,-8.334
Z27906,-8.582
Z28294,-8.265
Z30313,-7.786
Z32084,-8.484
Z31821,-7.693
Z31864,-9.724
Z32193,-6.285
Z31501,-8.489
Z32731,-8.42
Z33401,-7.674
Z32831,-8.402
Z33229,-9.896
Z35778,-7.407
Z35916,-7.192
Z33309,-7.954
Z33591,-9.101
Z35468,-8.465
Z36364,-6.982
Z34416,-8.935
Z34627,-8.285
Z36355,-9.08
Z37515,-6.635
Z39647,-8.141
Z38631,-8.184
Z37146,-7.898
Z40050,-6.687
Z37841,-8.935
Z40104,-8.546
Z37745,-8.292
Z41235,-8.113
Z40926,-7.833
Z40212,-9.144
Z39116,-9.034
Z41891,-7.535
Z40283,-7.368
Z40180,-8.298
Z41879,-8.4
Z42229,-7.262
Z42865,-7.56
Z42662,-8.012
Z41683,-7.679
Z42432,-8.05
Z42964,-7.375
Z44480,-7.015
Z44481,-7.386
Z42986,-8.857
Z44701,-7.197
Z44580,-8.408
Z44913,-8.364
Z44506,-9.098
Z45085,-7.386
Z46035,-7.396
Z45494,-8.256
Z44290,-7.889
Z45800,-7.449
Z47298,-7.642
Z45272,-9.0
Z48811,-8.044
Z49630,-7.119
Z49747,-7.556
Z49087,-7.984
Z47640,-8.081
Z48370,-9.163
Z05305,-9.416
Z48247,-7.812
Z08217,-8.753
Z14848,-9.233
Z00730,-7.043
Z09138,-9.48
Z46244,-7.764
Z00242,-7.951
Z24800,-9.343
Z00955,-7.768
Z32185,-9.423
Z02577,-8.401
Z01586,-7.494
Z02338,-7.732
Z02270,-7.553
Z00949,-8.394
Z03225,-7.88
Z03520,-8.333
Z03675,-7.361
Z03442,-8.157
Z03986,-7.742
Z03926,-7.109
Z02661,-7.761
Z02773,-9.042
Z04317,-7.982
Z04391,-8.048
Z04309,-7.129
Z04495,-6.701
Z04448,-8.368
Z04823,-7.351
Z04710,-7.419
Z04968,-6.899
Z04663,-7.853
Z04894,-6.35
Z05433,-8.586
Z05244,-8.664
Z05990,-8.186
Z06093,-8.151
Z06072,-6.856
Z06346,-7.073
Z06239,-8.564
Z05143,-6.593
Z07473,-8.009
Z06543,-8.85
Z08348,-7.686
Z07489,-8.97
Z07472,-8.511
Z08059,-7.804
Z08535,-7.311
Z06625,-6.592
Z08888,-8.019
Z08671,-7.068
Z09021,-7.334
Z08915,-8.676
Z09230,-8.133
Z09883,-7.946
Z09456,-8.101
Z09878,-6.613
Z10830,-7.738
Z09039,-8.068
Z11130,-9.255
Z13128,-9.049
Z12976,-8.494
Z12159,-8.235
Z29340,-6.924
Z11808,-8.318
Z18726,-8.289
Z11984,-7.902
Z22110,-6.366
Z04453,-7.327
Z46789,-6.173
Z14162,-6.835
Z16104,-7.645
Z23363,-7.692
Z27848,-7.628
Z43608,-6.426
Z30706,-6.756
Z39673,-6.687
Z07358,-4.564
Z28249,-6.687
Z10688,-7.808
Z01815,-7.671
Z42911,-7.027
Z48839,-5.89
Z15230,-5.229
Z26175,-5.956
Z10668,-4.032
Z21465,-5.172
Z22820,-9.068
Z28081,-7.073
Z23986,-7.492
Z16685,-7.389
Z44583,-7.679
Z49604,-5.699
Z43036,-7.67
Z30169,-8.6
Z47663,-8.748
Z25038,-8.161
Z14172,-7.972
Z34841,-7.914
Z49030,-6.658
Z38969,-8.769
Z03702,-5.338
Z02190,-6.025
Z06205,-8.267
Z34398,-7.502
Z14804,-6.74
Z41512,-6.496
Z34828,-8.566
Z27898,-8.11
Z33663,-7.802
Z30715,-6.785
Z40851,-8.556
Z00350,-8.092
Z28708,-7.122
Z00476,-7.749
Z15427,-7.114
Z38659,-6.71
Z35032,-5.769
Z12629,-7.823
Z46364,-8.248
Z22801,-6.386
Z17639,-7.003
Z43527,-9.743
Z13772,-6.0
Z03443,-7.855
Z30873,-7.649
Z36427,-4.746
Z14768,-8.088
Z17589,-9.174
Z30193,-8.191
Z09587,-8.159
Z25818,-8.475
Z29317,-6.6
Z10261,-7.216
Z04747,-5.098
Z38302,-9.651
Z09205,-8.02
Z22050,-7.778
Z37202,-7.186
Z41401,-9.647
Z37201,-7.577
Z46392,-7.098
Z18320,-6.019
Z39041,-7.506
Z11674,-5.557
Z38142,-6.408
Z39598,-7.764
Z40823,-8.338
Z30113,-6.581
Z10123,-9.069
Z24212,-7.346
Z49271,-8.826
Z28332,-5.793
Z12462,-8.285
Z21123,-7.539
Z13495,-9.376
Z00284,-8.725
Z47392,-6.704
Z34167,-10.473
Z02742,-7.678
Z04286,-8.093
Z04620,-6.111
Z28075,-7.246
Z38451,-8.781
Z36006,-8.562
Z09776,-7.886
Z13309,-8.115
Z14716,-6.243
Z48401,-8.084
Z19701,-7.832
Z08860,-6.366
Z09134,-8.329
Z17144,-7.456
Z17347,
Z06317,-8.91
Z34977,-8.778
Z17026,-7.025
Z22398,-6.277
Z22779,-8.836
Z11419,-7.319
Z34912,-7.575
Z08001,-6.674
Z02919,-8.823
Z26232,-6.646
Z21218,-9.126
Z01616,-6.987
Z03745,-7.455
Z29863,-7.218
Z41517,-8.136
Z21331,-9.39
Z07887,-8.146
Z44376,-8.43
Z27620,-4.916
Z21416,-6.843
Z32167,-7.437
Z01392,-7.283
Z44915,-6.132
Z12017,-5.944
Z29230,-8.062
Z02419,-6.726
Z23399,-7.946
Z45885,-9.085
Z19194,-9.191
Z03385,-8.97
Z05476,-6.522
Z16655,-8.584
Z35993,-6.907
Z11021,-7.854
Z23023,-6.652
Z45020,-9.134
Z16448,-6.046
Z06110,-6.536
Z34157,-7.978
Z17180,-7.52
Z18034,-9.385
Z35146,-5.552
Z13631,-7.711
Z09415,-7.829
Z04415,-8.937
Z02130,-6.783
Z15464,-6.514
Z12882,-7.96
Z34692,-7.358
Z17583,-6.484
Z39470,-8.518
Z00354,-7.161
Z28129,-6.877
Z05876,-9.743
Z49648,-8.066
Z12041,-8.491
Z23435,-8.32
Z46671,-7.505
Z29558,-8.442
Z25526,-8.04
Z23735,-7.054
Z02620,-7.461
Z29756,-7.145
Z16076,-7.335
Z11767,-9.036
Z40458,-8.329
Z44292,-7.487
Z20745,-8.679
Z24828,-6.416
Z36711,-6.763
Z28134,-6.335
Z27779,-7.961
Z07950,-10.302
Z10413,-6.189
Z23177,-7.578
Z03386,-7.339
Z05480,-8.527
Z41660,-7.751
Z06439,-8.318
Z38234,-7.795
Z25513,-7.058
Z14991,-6.867
Z21311,-6.949
Z37380,-8.405
Z11479,-6.902
Z10697,-8.321
Z19109,-8.942
Z01356,-7.95
Z25354,-6.731
Z37701,-8.502
Z13557,-8.139
Z05358,-8.273
Z17771,-8.477
Z43287,-7.757
Z25572,-7.382
Z04830,-8.59
Z16744,-6.64
Z39684,-7.505
Z48309,-8.267
Z09193,-7.738
Z11433,-8.534
Z03645,-8.464
Z08341,-8.921
Z24151,-7.245
Z38851,-8.327
Z43162,-8.953
Z15046,-7.29
Z01161,-7.543
Z17322,-4.75
Z17815,-7.719
Z14913,-7.191
Z02992,-7.45
Z17865,-8.155
Z36882,-9.616
Z07195,-8.476
Z33644,-8.61
Z01125,-9.319
Z00793,-9.684
Z03836,-7.493
Z01979,-9.232
Z07366,-7.388
Z12235,-8.417
Z10978,-6.513
Z07206,-8.067
Z25328,-5.576
Z06174,-8.436
Z03944,-6.923
Z29497,-7.783
Z13006,-7.508
Z32855,-8.486
Z01511,-8.175
Z16727,-7.768
Z42654,-7.361
Z46458,-7.57
Z37429,-9.381
Z49661,-9.118
Z49348,-7.288
Z00192,-7.323
Z45678,-8.6
Z12013,-8.09
Z34840,-9.729
Z22456,-8.236
Z31979,-7.61
Z41750,-8.126
Z46514,-9.609
Z17041,-9.799
Z36548,-9.313
Z40472,-7.953
Z04931,-8.484
Z21298,-9.28
Z02926,-8.115
Z47809,-7.258
Z42760,-7.043
Z23592,-7.784
Z25269,-7.496
Z10635,-7.545
Z10607,-7.007
Z43379,-7.854
Z01886,-9.115
Z34173,-7.581
Z12840,-8.894
Z30112,-7.15
Z40655,-6.804
Z19617,-7.9
Z11579,-9.492
Z25575,-7.048
Z16988,-9.107
Z33994,-7.989
Z30451,-7.545
Z24934,-8.634
Z44941,-8.198
Z12163,-9.862
Z29341,-7.952
Z16875,-7.313
Z43377,-8.641
Z14727,-7.751
Z48681,-7.036
Z16711,-7.83
Z33742,-7.739
Z48423,-7.856
Z40930,-7.272
Z11293,-8.807
Z05337,-9.532
Z46897,-7.97
Z14835,-7.855
Z37270,-7.17
Z02780,-9.612
Z16914,-7.617
Z19642,-7.735
Z29124,-8.606
Z48329,-8.066
Z45263,-6.165
Z40808,-8.388
Z23253,-8.296
Z13706,-9.033
Z07889,-6.683
Z18484,-8.846
Z16990,-8.467
Z47579,-8.402
Z04193,-6.453
Z36472,-7.703
Z27137,-8.741
Z13727,-8.381
Z27782,-7.018
Z39004,-8.039
Z48338,-8.437
Z05572,-8.458
Z06944,-6.904
Z20554,-8.228
Z40877,-9.263
Z07497,-9.07
Z11860,-7.93
Z17234,-9.387
Z44633,-5.004
Z12948,-8.766
Z29119,-7.404
Z47223,-5.998
Z01920,-5.898
Z15882,-7.463
Z30332,-5.949
Z26301,-10.253
Z12863,-8.42
Z22551,-8.065
Z31084,-7.081
Z11901,-8.988
Z38364,-6.039
Z05955,-5.953
Z42878,-7.601
Z26514,-7.213
Z11283,-7.852
Z40948,-7.009
Z23026,-8.333
Z48049,-8.222
Z46058,-7.936
Z18420,-9.057
Z21037,-8.182
Z28232,-8.331
Z29893,-7.529
Z08998,-7.502
Z38435,-8.481
Z41388,-8.045
Z10628,-7.14
Z30496,-8.635
Z47404,-6.621
Z10782,-7.694
Z00347,-8.265
Z04384,-7.99
Z08137,-7.544
Z06114,-8.286
Z03185,-7.876
Z34465,-5.879
Z12322,-9.613
Z14306,-8.164
Z00197,-4.778
Z48125,-7.157
Z03056,-6.876
Z23453,-7.506
Z19891,-6.387
Z41939,-8.202
Z38026,-8.414
Z44053,-7.95
Z41063,-8.873
Z40538,-7.515
Z35207,-5.982
Z25633,-10.087
Z45499,-6.136
Z11020,-7.323
Z11998,-7.041
Z06433,-5.783
Z31295,-9.168
Z39139,-7.931
Z48004,-7.559
Z12109,-6.299
Z19732,-8.072
Z47135,-5.921
Z12537,-7.332
Z10187,-7.191
Z40651,-7.301
Z48890,-8.127
Z22350,-7.514
Z49073,-7.395
Z00016,-8.802
Z40361,-8.17
Z01663,-8.688
Z34206,-7.648
Z49893,-5.68
Z40186,-7.032
Z26299,-6.732
Z07301,-4.066
Z05892,-8.945
Z05861,-7.409
Z41771,-8.113
Z19683,-7.177
Z41916,-7.718
Z28903,-7.733
Z06642,-9.146
Z35024,-8.379
Z42734,-6.624
Z49066,-9.019
Z13428,-7.871
Z01202,-8.036
Z21965,-7.598
Z21024,-8.675
Z23686,-7.308
Z18808,-7.139
Z44728,-7.004
Z08798,-7.239
Z36662,-8.943
Z30946,-8.023
Z39412,-6.305
Z38465,-8.105
Z44106,-7.321
Z21913,-7.336
Z18798,-7.221
Z10323,-8.575
Z22449,-8.121
Z10522,-9.228
Z22364,-8.489
Z46193,-9.036
Z16002,-7.762
Z03489,-8.544
Z18630,-6.222
Z08495,-7.365
Z19279,-7.684
Z32472,-8.777
Z18274,-10.163
Z02428,-8.704
Z34399,-7.757
Z06331,-8.413
Z14331,-8.198
Z27302,-8.152
Z24295,-8.434
Z08203,-7.359
Z40266,-6.967
Z26498,-8.277
Z49255,-7.446
Z01191,-6.595
Z39811,-7.014
Z32804,-6.178
Z38919,-7.864
Z07779,-7.762
Z30473,-9.251
Z24223,-4.027
Z01642,-8.758
Z30276,-5.01
Z16387,-6.042
Z05038,-7.952
Z08009,-7.627
Z34797,-7.773
Z11345,-7.515
Z48620,-7.633
Z49575,-7.105
Z42370,-8.066
Z12350,-9.4
Z01091,-7.079
Z33311,-5.991
Z38244,-7.473
Z42426,-8.797
Z05097,-8.175
Z41659,-6.786
Z33410,-6.755
Z23180,-8.608
Z49339,-8.953
Z01540,-9.452
Z00270,-9.025
Z25604,-5.624
Z07035,-9.471
Z31643,-7.335
Z21784,-9.003
Z10306,-7.775
Z18395,-5.522
Z12768,-8.75
Z16192,-8.445
Z42915,-8.427
Z22260,-9.535
Z25404,-9.468
Z19334,-6.413
Z36495,-6.807
Z08498,-6.966
Z20090,-9.374
Z29653,-7.643
Z11672,-9.145
Z48069,-6.205
Z12555,-9.288
Z25088,-7.933
Z39231,-8.85
Z42590,-7.462
Z26402,-7.131
Z36377,-8.418
Z10303,-6.103
Z43177,-7.315
Z05641,-7.646
Z17187,-8.466
Z26227,-7.981
Z05157,-7.531
Z26552,-7.869
Z10816,-7.994
Z11488,-5.516
Z36018,-7.615
Z15319,-8.061
Z41977,-7.762
Z40006,-7.296
Z22876,-6.892
Z44486,-7.044
Z48807,-9.227
Z16033,-7.612
Z14796,-6.544
Z22771,-5.873
Z18419,-7.829
Z04021,-7.747
Z22042,-6.564
Z04889,-7.883
Z00462,-8.191
Z36558,-7.037
Z18732,-8.018
Z17972,-7.684
Z29778,-9.032
Z23343,-8.085
Z47109,-8.982
Z10424,-7.396
Z39135,-6.923
Z19619,-6.496
Z39703,-9.171
Z07716,-6.807
Z27179,-6.607
Z47418,-8.885
Z27720,-8.446
Z24682,-8.152
Z25219,-6.795
Z26411,-6.632
Z36399,-9.101
Z17681,-9.27
Z16924,-8.704
Z11216,-6.389
Z31964,-7.883
Z15666,-7.97
Z03684,-6.988
Z11829,-7.897
Z24806,-9.446
Z44865,-7.551
Z06558,-7.808
Z18334,-7.733
Z06255,-7.133
Z45863,-7.68
Z24135,-6.874
Z38568,-7.361
Z28160,-6.888
Z06696,-7.873
Z45933,-6.343
Z08972,-7.815
Z23158,-7.409
Z00272,-8.497
Z35799,-7.97
Z28300,-7.644
Z30779,-8.129
Z35639,-8.532
Z25475,-7.978
Z03144,-8.21
Z01698,-7.637
Z18684,-8.128
Z21423,-8.471
Z49945,-6.847
Z45662,-7.974
Z44548,-9.125
Z03822,-8.939
Z42142,-8.997
Z00452,-8.472
Z20683,-7.332
Z03190,-6.665
Z07929,-5.718
Z06371,-7.889
Z09540,-8.649
Z04516,-7.817
Z05756,-7.481
Z15281,-7.105
Z16041,-7.638
Z18553,-6.733
Z15401,-7.011
Z22517,-6.408
Z13889,-7.972
Z24717,-8.359
Z15434,-7.686
Z26860,-7.495
Z21685,-8.399
Z25052,-7.346
Z38072,-5.663
Z26159,-8.152
Z34537,-9.762
Z35883,-6.654
Z40920,-7.467
Z38294,-7.133
Z40559,-7.927
Z37602,-9.321
Z28171,-6.744
Z40309,-8.78
Z47475,-8.193
Z49055,-7.779
Z42918,-8.39
Z21507,-8.413
Z32955,-7.639
Z25318,-9.123
Z19090,-7.744
Z35041,-9.603
Z20951,-7.477
Z34913,-9.184
Z22400,-8.389
Z39486,-7.698
Z44673,-8.144
Z15367,15.735
Z27038,-7.532
Z41279,-8.202
Z20864,-7.604
Z00407,-7.607
Z27095,-7.96
Z21170,-7.725
Z08220,-7.022
Z08703,-8.198
Z10266,-8.761
Z18569,-7.565
Z16113,-7.683
Z23075,-9.428
Z37886,-7.185
Z11850,-7.815
Z00572,-7.593
Z19990,-7.111
Z17916,-7.558
Z39230,-7.577
Z33999,-7.347
Z34190,-7.0
Z27486,-7.325
Z11483,-6.627
Z02426,-6.502
Z43321,-9.221
Z32111,-6.287
Z11678,-7.31
Z25332,-6.621
Z29964,-7.575
Z34650,-8.824
Z19087,-8.334
Z10000,-6.3
Z37552,-6.75
Z47333,-5.468
Z45307,-7.038
Z42690,-7.124
Z24268,-7.197
Z04487,-8.787
Z10205,-8.698
Z44312,-6.021
Z12898,-7.871
Z08637,-8.61
Z21134,-8.275
Z49776,-7.749
Z07507,-8.021
Z04724,-6.4
Z23480,-7.103
Z33205,-7.431
Z37236,-8.654
Z49481,-8.501
Z36380,-8.78
Z44097,-8.654
Z33902,-7.419
Z40188,-9.106
Z22481,-6.352
Z14947,-7.364
Z12353,-7.252
Z08216,-6.881
Z23110,-7.697
Z33464,-6.866
Z22912,-7.37
Z40211,-8.87
Z27679,-7.604
Z19733,-7.164
Z31275,-6.504
Z45889,-7.433
Z32036,-7.388
Z34690,-7.186
Z02384,-7.109
Z00900,-8.344
Z36185,-7.225
Z09951,-7.279
Z06261,-7.774
Z01262,-9.827
Z27553,-8.396
Z25341,-8.629
Z39621,-9.143
Z45059,-7.653
Z46876,-8.225
Z13567,-8.338
Z09282,-8.414
Z31143,-9.217
Z04843,-8.088
Z41934,-9.19
Z16417,-7.756
Z09473,-8.038
Z17022,-8.464
Z36473,-7.916
Z30804,-7.712
Z35796,-8.487
Z20253,-7.575
Z40833,-9.723
Z49708,-7.783
Z21519,-7.254
Z37446,-7.037
Z17455,-7.604
Z38031,-6.456
Z19802,-7.657
Z40268,-7.276
Z43493,-9.077
Z25684,-8.029
Z47523,-6.891
Z18081,-7.26
Z35010,-7.977
Z33780,-7.252
Z30248,-9.087
Z37700,-9.475
Z47044,-8.05
Z21220,-6.86
Z04345,-7.128
Z47907,-6.956
Z06285,-7.806
Z19037,-7.521
Z13985,-6.976
Z29232,-6.575
Z12680,-7.447
Z06873,-6.963
Z26486,-9.177
Z06990,-8.193
Z02618,-7.979
Z05489,-6.866
Z33413,-7.24
Z07596,-7.535
Z24746,-6.021
Z27167,-7.086
Z34624,-7.956
Z37263,-8.992
Z11349,-7.297
Z07550,-6.949
Z09263,-8.827
Z12964,-8.023
Z21602,-8.52
Z22549,-7.552
Z22418,-8.652
Z21769,-9.142
Z41724,-9.397
Z33398,-7.67
Z16182,-8.183
Z01848,-8.766
Z00323,-9.424
Z06246,-6.382
Z15446,-7.023
Z23122,-8.95
Z12779,-7.263
Z23386,-7.607
Z03971,-7.681
Z16567,-7.648
Z19148,-7.771
Z25676,-7.569
Z21242,-6.392
Z21375,-8.878
Z25804,-7.137
Z23643,-8.416
Z36534,-7.972
Z42290,-6.994
Z43450,-7.942
Z34155,-8.805
Z37694,-7.118
Z28159,-8.834
Z34130,-7.391
Z45663,-7.815
Z46228,-6.655
Z01647,-7.08
Z12117,-7.079
Z30817,-8.237
Z00878,-9.196
Z35187,-9.144
Z05909,-8.896
Z16984,-8.419
Z02981,-8.294
Z21186,-7.929
Z06440,-7.175
Z06626,-7.546
Z31792,-8.343
Z42424,-8.842
Z19361,-9.288
Z21844,-7.45
Z05084,-8.204
Z16404,-6.963
Z14831,-7.857
Z06965,-7.78
Z25016,-8.282
Z23031,-7.251
Z27243,-7.816
Z22758,-6.914
Z34036,-7.117
Z02871,-9.592
Z40894,-7.877
Z11858,-7.06
Z45357,-8.024
Z14146,-7.514
Z22947,-7.691
Z30420,-8.529
Z38772,-7.58
Z21210,-8.672
Z14200,-8.228
Z16073,-7.318
Z40707,-7.049
Z08657,-6.768
Z20267,-7.334
Z37809,-7.835
Z07942,-7.535
Z00759,-8.002
Z17508,-8.158
Z13535,-8.869
Z17213,-8.868
Z28838,-7.64
Z33753,-6.896
Z13431,-8.179
Z29629,-8.46
Z25746,-8.488
Z17947,-8.008
Z46863,-6.778
Z40632,-8.469
Z18607,-8.089
Z07922,-6.566
Z12891,-8.198
Z36278,-8.74
Z02134,-8.227
Z00820,-7.953
Z08945,-7.598
Z24161,-7.952
Z01494,-6.389
Z07024,-9.097
Z31808,-9.349
Z11588,-6.911
Z09153,-8.216
Z22182,-7.663
Z13163,-8.19
Z05536,-8.492
Z10529,-8.584
Z34764,-8.397
Z32078,-7.807
Z19345,-9.487
Z16282,-8.737
Z38523,-7.984
Z44277,-6.511
Z36316,-7.685
Z24172,-8.861
Z24056,-8.713
Z43990,-7.886
Z30609,-8.831
Z13694,-7.232
Z15763,-8.855
Z12612,-8.009
Z32042,-7.353
Z17911,-7.863
Z34532,-9.107
Z42035,-7.016
Z05487,-9.045
Z42937,-7.743
Z31531,-9.333
Z05965,-7.327
Z01762,-7.368
Z46695,-8.738
Z40915,-8.637
Z28144,-7.018
Z34082,-5.99
Z30433,-7.863
Z35241,-7.959
Z09412,-7.855
Z12484,-7.886
Z20796,-7.317
Z13836,-9.479
Z07269,-7.983
Z25659,-6.809
Z28499,-7.373
Z30148,-7.757
Z43242,-7.232
Z03106,-6.315
Z24941,-8.745
Z17146,-7.127
Z27365,-7.489
Z45729,-6.36
Z25047,-9.665
Z32117,-7.984
Z46621,-7.167
Z49384,-6.872
Z13033,-9.024
Z02483,-8.221
Z20558,-7.988
Z20518,-9.566
Z02973,-7.531
Z36224,-9.871
Z28301,-7.095
Z03070,-8.68
Z14639,-7.407
Z28561,-7.195
Z33334,-8.096
Z39626,-8.771
Z13377,-6.515
Z08812,-7.255
Z40354,-7.913
Z48880,-7.809
Z46233,-8.178
Z03114,-8.098
Z06294,-8.792
Z48545,-8.32
Z31249,-6.717
Z39960,-8.128
Z37750,-9.138
Z36581,-8.474
Z29766,-6.707
Z26089,-8.117
Z05449,-7.047
Z06762,-8.397
Z15337,-8.112
Z40262,-6.213
Z26947,-9.51
Z19921,-6.475
Z00439,-4.731
Z28571,-9.443
Z33993,-9.157
Z01425,-7.865
Z25792,-8.914
Z18218,-7.453
Z32333,-7.932
Z16733,-8.504
Z05696,-8.276
Z31165,-7.083
Z48654,-8.044
Z08412,-6.911
Z21444,-7.031
Z15287,-7.298
Z19144,-7.773
Z20360,-6.741
Z39555,-7.428
Z19822,-8.043
Z08539,-8.004
Z23638,-8.343
Z39268,-10.13
Z11908,-8.294
Z23128,-8.155
Z09066,-8.631
Z24412,-6.567
Z26416,-8.507
Z36092,-9.584
Z23724,-6.835
Z11947,-6.618
Z21084,-8.736
Z14372,-8.312
Z37228,-8.033
Z39137,-7.246
Z22491,-7.118
Z46375,-8.068
Z09180,-6.161
Z14024,-7.526
Z02725,-7.727
Z16792,-7.535
Z23308,-8.169
Z00510,-6.661
Z03964,-7.661
Z49212,-8.123
Z08041,-6.478
Z15019,-6.913
Z12421,-7.956
Z31971,-7.942
Z10988,-8.097
Z12620,-8.221
Z37083,-9.408
Z16929,-10.344
Z18571,-7.425
Z21582,-8.849
Z31105,-7.759
Z48146,-7.408
Z37264,-9.065
Z48223,-8.33
Z22703,-6.507
Z39888,-8.148
Z18504,-9.147
Z44672,-7.743
Z23709,-8.708
Z02004,-8.522
Z07364,-7.185
Z00910,-7.495
Z36334,-9.04
Z04964,-7.541
Z10592,-6.04
Z05261,-8.747
Z10818,-7.154
Z08023,-6.579
Z13249,-7.873
Z14605,-8.381
Z16145,-6.153
Z08603,-8.906
Z09020,-8.307
Z15323,-7.157
Z16863,-7.596
Z15330,-7.922
Z17004,-8.873
Z25172,-9.309
Z18818,-7.24
Z25550,-5.926
Z24012,-8.366
Z14602,-7.889
Z24534,-9.445
Z24588,-8.502
Z06248,-6.132
Z39260,-7.73
Z47238,-7.588
Z36217,-9.602
Z40177,-7.556
Z35556,-8.442
Z43184,-8.659
Z47432,-7.316
Z48251,-8.054
Z46141,-7.41
Z23580,-6.267
Z49327,-8.487
Z07653,-7.652
Z02099,-7.534
Z48129,-9.332
Z15338,-9.426
Z03267,-6.785
Z16889,-8.992
Z22410,-7.459
Z15711,-8.608
Z35327,-6.917
Z19506,-8.773
Z23257,-8.257
Z02619,-6.416
Z05733,-6.812
Z13101,-7.275
Z04995,-9.103
Z41745,-7.322
Z06495,-8.919
Z01536,-7.175
Z30036,-8.573
Z21035,-7.26
Z17706,-8.593
Z20848,-7.671
Z30362,-8.065
Z31537,-7.145
Z14223,-6.487
Z17424,-5.944
Z20266,-7.269
Z03011,-6.136
Z49009,-6.93
Z47926,-7.767
Z08630,-8.529
Z24303,-8.936
Z06967,-5.089
Z41283,-7.549
Z44369,-8.223
Z24308,-8.225
Z12895,-8.888
Z14040,-9.213
Z20973,-7.7
Z12149,-4.971
Z13398,-9.227
Z16615,-6.325
Z03760,-7.325
Z24281,-7.509
Z01303,-7.322
Z06513,-7.608
Z32726,-8.499
Z38661,-7.403
Z03543,-7.927
Z16632,-7.696
Z19966,-6.971
Z13722,-8.839
Z21231,-6.58
Z03873,-7.904
Z19306,-8.504
Z47429,-8.44
Z39069,-6.566
Z01573,-6.584
Z49700,-9.186
Z37799,-6.297
Z44657,-5.657
Z32871,-8.882
Z31530,-7.544
Z01009,-9.675
Z36082,-9.044
Z06822,-8.748
Z10852,-9.067
Z13641,-7.72
Z32305,-8.254
Z02183,-8.175
Z33166,-7.042
Z01615,-8.984
Z36677,-10.186
Z04596,-6.656
Z05718,-7.903
Z17693,-4.98
Z22088,-7.322
Z03528,-9.181
Z17943,-7.849
Z43008,-7.411
Z24743,-6.907
Z16576,-8.528
Z35416,-6.181
Z09169,-7.774
Z04190,-7.576
Z32291,-7.998
Z14998,-8.086
Z08670,-7.326
Z20169,-8.319
Z47766,-7.895
Z48464,-7.874
Z21002,-8.097
Z26532,-8.542
Z36197,-7.099
Z28825,-7.261
Z36289,-7.069
Z43532,-7.65
Z33411,-7.961
Z36766,-8.325
Z20523,-5.847
Z39503,-7.288
Z04996,-6.408
Z12156,-8.394
Z30617,-8.593
Z14050,-7.937
Z03073,-7.715
Z20857,-8.204
Z26746,-7.499
Z42813,-8.361
Z02444,-6.043
Z34882,-8.338
Z13668,-8.77
Z49101,-6.71
Z18459,-7.514
Z22528,-7.11
Z26809,-7.072
Z27544,-7.212
Z27084,-7.288
Z49639,-7.416
Z13042,-8.766
Z49314,-9.691
Z33457,-6.725
Z31528,-6.409
Z03400,-7.578
Z30001,-7.537
Z33739,-7.343
Z36995,-8.054
Z39386,-6.64
Z24067,-8.867
Z01391,-7.523
Z07041,-6.842
Z22096,-8.967
Z36317,-8.136
Z18621,-7.553
Z39536,-7.246
Z01707,-7.43
Z11087,-6.661
Z49439,-9.784
Z11337,-7.054
Z04870,-7.091
Z15586,-8.636
Z21198,-6.841
Z32749,-7.177
Z28227,-7.741
Z35417,-7.538
Z33387,-8.051
Z39032,-5.917
Z13388,-8.293
Z34742,-7.755
Z35492,-7.927
Z40677,-7.367
Z45165,-7.954
Z48088,-8.631
Z36480,-7.677
Z38001,-7.014
Z11360,-8.109
Z02573,-7.47
Z47193,-6.512
Z04877,-8.499
Z16725,-4.534
Z07534,-7.609
Z08517,-8.019
Z07126,-8.455
Z48675,-8.122
Z17418,-6.502
Z19750,-8.162
Z07802,-7.712
Z21199,-8.931
Z13625,-7.871
Z20136,-8.89
Z33344,-8.185
Z25408,-8.643
Z17883,-8.319
Z45393,-5.316
Z34904,-7.356
Z19541,-7.703
Z48307,-8.171
Z28093,-8.112
Z47571,-8.989
Z48499,-6.036
Z49032,-7.741
Z05117,-8.135
Z01337,-6.945
Z20759,-8.837
Z06991,-8.313
Z19063,-8.865
Z18902,-8.56
Z27921,-7.402
Z34713,-6.168
Z21940,-8.444
Z16980,-8.828
Z35875,-7.641
Z24578,-6.341
Z30519,-9.24
Z02711,-7.065
Z22059,-8.192
Z37229,-9.046
Z22645,-7.477
Z05867,-7.359
Z38769,-8.344
Z19922,-8.199
Z06018,-7.451
Z08058,-8.009
Z09551,-8.824
Z42907,-7.086
Z05091,-8.533
Z21378,-6.738
Z14667,-7.852
Z12671,-8.767
Z22627,-6.252
Z12343,-8.366
Z33794,-9.135
Z48636,-7.859
Z29210,-6.395
Z37604,-5.667
Z15617,-7.659
Z25174,-6.625
Z49547,-7.257
Z03886,-7.901
Z23983,-9.109
Z18151,-7.096
Z15503,-8.79
Z46923,-9.715
Z13079,-8.538
Z01999,-6.146
Z21133,-9.199
Z26789,-8.781
Z30114,-7.819
Z25246,-7.428
Z47110,-6.298
Z01150,-8.178
Z42566,-8.208
Z43650,-8.54
Z49565,-6.195
Z34210,-6.715
Z14295,-6.793
Z45078,-8.376
Z09607,-9.634
Z14552,-8.993
Z06811,-8.294
Z42177,-8.76
Z19462,-9.442
Z25915,-6.815
Z10370,-5.882
Z35496,-7.087
Z37789,-8.976
Z47450,-7.405
Z34755,-8.085
Z44771,-8.209
Z33702,-9.366
Z18793,-7.497
Z23468,-8.044
Z06617,-6.645
Z23086,-7.51
Z30387,-8.424
Z04521,-6.408
Z46635,-7.754
Z36160,-7.358
Z09081,-8.443
Z03018,-8.543
Z46981,-7.734
Z02851,-8.913
Z10229,-9.189
Z16828,-8.444
Z29548,-8.09
Z28994,-8.701
Z37047,-9.038
Z39270,-7.837
Z45474,-7.27
Z33590,-8.518
Z40964,-7.773
Z06753,-8.228
Z22309,-6.977
Z05310,-7.946
Z10851,-7.941
Z05830,-7.824
Z11496,-8.902
Z39898,-7.526
Z41687,-7.133
Z26908,-6.853
Z44698,-6.644
Z47347,-7.222
Z36908,-7.12
Z46415,-8.175
Z04694,-7.408
Z14637,-7.434
Z46422,-8.068
Z40778,-7.144
Z27280,-7.951
Z27800,-5.724
Z33697,-9.703
Z21330,-9.592
Z02019,-6.981
Z09664,-6.438
Z01694,-7.402
Z26736,-8.559
Z03064,-9.775
Z46920,-9.278
Z28970,-7.667
Z24856,-7.627
Z28999,-7.879
Z29427,-7.458
Z29652,-7.056
Z22036,-7.493
Z27413,-7.812
Z33393,-7.934
Z36692,-7.275
Z44218,-6.38
Z07490,-8.549
Z37280,-8.316
Z18099,-5.21
Z02823,-7.812
Z08224,-9.017
Z28398,-5.746
Z11509,-7.323
Z31917,-7.723
Z28736,-8.707
Z44735,-8.392
Z34596,-6.738
Z33725,-7.446
Z29874,-7.002
Z08975,-6.276
Z08308,-9.079
Z07362,-6.539
Z30610,-8.59
Z19111,-8.598
Z22171,-5.846
Z20309,-7.871
Z22572,-7.046
Z15655,-8.122
Z36769,-8.485
Z27210,-8.594
Z39141,-8.444
Z46827,-9.163
Z03608,-7.198
Z28116,-8.294
Z26723,-7.849
Z44379,-8.421
Z42755,-8.99
Z13250,-8.75
Z08086,-7.033
Z08650,-6.401
Z18403,-6.206
Z11157,-6.19
Z02075,-7.56
Z06476,-7.271
Z16484,-8.167
Z25040,-6.27
Z20234,-8.491
Z30020,-8.445
Z16257,-10.052
Z45298,-5.738
Z25196,-9.523
Z39031,-7.202
Z41428,-8.849
Z26940,-7.56
Z49390,-7.682
Z47891,-8.778
Z42043,-7.627
Z32471,-7.869
Z00919,-8.045
Z20340,-7.436
Z21895,-8.15
Z25432,-7.798
Z46046,-6.776
Z45583,-8.32
Z05730,-7.91
Z27770,-6.828
Z13119,-6.551
Z35510,-8.558
Z36986,-8.603
Z42058,-7.165
Z38906,-7.763
Z37618,-6.479
Z39434,-7.37
Z26704,-5.375
Z40921,-6.766
Z17170,-9.053
Z26852,-7.498
Z28915,-8.547
Z03183,-7.115
Z34380,-7.746
Z37120,-8.72
Z49166,-6.83
Z40562,-8.497
Z00605,-7.504
Z03133,-5.304
Z22933,-8.127
Z41478,-7.448
Z02473,-7.426
Z06728,-9.378
Z15158,-7.147
Z12317,-7.942
Z46438,-9.155
Z30103,-7.298
Z10497,-8.223
Z03970,-7.71
Z30088,-7.076
Z30425,-8.037
Z41355,-8.547
Z37696,-6.125
Z31230,-8.756
Z43571,-7.559
Z46579,-9.214
Z47054,-6.659
Z43951,-8.431
Z03007,-9.266
Z17141,-8.17
Z36204,-9.479
Z32454,-8.852
Z05604,-9.03
Z11303,-7.751
Z08359,-7.84
Z46497,-7.681
Z38653,-8.065
Z35014,-6.657
Z23517,-8.686
Z46167,-8.253
Z41384,-8.529
Z31730,-7.46
Z03002,-7.141
Z03226,-8.841
Z33592,-8.26
Z05795,-8.687
Z30288,-8.691
Z33624,-9.014
Z19817,-7.277
Z34094,-7.629
Z01704,-8.746
Z01496,-8.443
Z02324,-6.173
Z04705,-7.267
Z42381,-8.278
Z04072,-8.515
Z09491,-6.286
Z07549,-8.189
Z15812,-6.193
Z06695,-8.629
Z18538,-6.039
Z44225,-7.49
Z19983,-8.825
Z06417,-6.589
Z13035,-8.233
Z27388,-6.538
Z16723,-9.052
Z46683,-7.235
Z49664,-9.05
Z01180,-6.088
Z01888,-7.146
Z10377,-7.861
Z49903,-9.139
Z01641,-7.552
Z04997,-8.64
Z39928,-8.914
Z12214,-7.757
Z46258,-9.396
Z30409,-7.517
Z19215,-6.953
Z21803,-8.006
Z36992,-7.498
Z33116,-7.669
Z19739,-7.063
Z21255,-7.704
Z08739,-7.542
Z29994,-4.575
Z46115,-8.806
Z19147,-7.811
Z16017,-8.469
Z36440,-4.81
Z26898,-8.581
Z31723,-8.27
Z44442,-7.559
Z32433,-7.13
Z40821,-6.929
Z41306,-7.156
Z03075,-6.802
Z12324,-7.246
Z04361,-6.153
Z14434,-7.446
Z11600,-7.773
Z20836,-7.867
Z22595,-6.95
Z05881,-9.702
Z26936,-7.522
Z15398,-6.625
Z27502,-6.291
Z33887,-8.469
Z40725,-6.998
Z47868,-8.499
Z38845,-6.781
Z21115,-4.863
Z21515,-6.806
Z03201,-6.941
Z05093,-8.392
Z33793,-7.89
Z36057,-7.71
Z32071,-8.025
Z43227,-5.954
Z35604,-8.183
Z18890,-6.765
Z14177,-6.356
Z24298,-6.796
Z47568,-7.867
Z01007,-8.155
Z43412,-5.45
Z10880,-8.061
Z00429,-8.14
Z05295,-8.015
Z19129,-7.093
Z36296,-8.737
Z37834,-7.651
Z36787,-9.241
Z15162,-7.618
Z41372,-8.097
Z22587,-7.292
Z11485,-8.407
Z22297,-7.439
Z13970,-7.246
Z41505,-8.965
Z15964,-8.51
Z14183,-6.939
Z06850,-6.078
Z27424,-9.04
Z29207,-7.876
Z31934,-8.069
Z33654,-6.748
Z23458,-8.483
Z35265,-5.59
Z32597,-9.175
Z42485,-7.311
Z34435,-9.924
Z03328,-7.079
Z48587,-7.63
Z04879,-9.561
Z16509,-8.531
Z31016,-9.195
Z24957,-6.901
Z22658,-9.235
Z31743,-8.271
Z05339,-6.783
Z12535,-7.374
Z13644,-7.436
Z41132,-8.518
Z08633,-5.856
Z39335,-8.098
Z16651,-6.957
Z39358,-6.783
Z27601,-8.268
Z46939,-7.87
Z13370,-8.248
Z31731,-6.853
Z22657,-6.875
Z02935,-6.91
Z43523,-7.503
Z06856,-7.653
Z09936,-8.189
Z09186,-6.53
Z34104,-6.804
Z09421,-7.075
Z40353,-6.946
Z32369,-7.752
Z38312,-7.006
Z37926,-6.716
Z22724,-5.041
Z05404,-8.423
Z14858,-7.505
Z32378,-7.037
Z29353,-7.733
Z45914,-7.06
Z41028,-7.781
Z16566,-6.861
Z06247,-9.405
Z49857,-7.992
Z13968,-7.098
Z16356,-7.453
Z14346,-8.404
Z17399,-7.778
Z20396,-7.927
Z20962,-6.428
Z33176,-6.929
Z35526,-7.659
Z41490,-7.272
Z40728,-7.304
Z46020,-7.826
Z41902,-7.296
Z46539,-6.159
Z18698,-7.988
Z33650,-5.925
Z09001,-7.913
Z05745,-8.091
Z09788,-8.49
Z13247,-7.116
Z17260,-7.356
Z09150,-7.742
Z27700,-8.515
Z25254,-7.469
Z23812,-7.715
Z28472,-7.111
Z28091,-8.457
Z45467,-6.831
Z36078,-8.38
Z07047,-9.545
Z08602,-8.445
Z12804,-5.188
Z18516,-8.02
Z27698,-7.151
Z22619,-8.779
Z02716,-8.612
Z39285,-6.773
Z38217,-7.676
Z45638,-8.181
Z23475,-7.693
Z03966,-8.607
Z13552,-7.856
Z10273,-8.093
Z12818,-8.527
Z31785,-6.681
Z10683,-9.261
Z31544,-7.341
Z32878,-8.737
Z08958,-8.722
Z31386,-7.879
Z18920,-8.674
Z14733,-9.114
Z03176,-8.071
Z22422,-6.904
Z29744,-8.31
Z32769,-9.679
Z38899,-8.862
Z37378,-8.772
Z00012,-6.482
Z43044,-6.314
Z23321,-8.223
Z00777,-7.655
Z33374,-6.423
Z06063,-7.626
Z00539,-7.51
Z05335,-7.605
Z02612,-6.943
Z02695,-7.494
Z11148,-8.877
Z06703,-7.515
Z07139,-7.967
Z08855,-8.658
Z07026,-8.151
Z06610,-8.605
Z09394,-8.444
Z08480,-6.47
Z09475,-6.774
Z09923,-7.11
Z09594,-7.78
Z10042,-6.75
Z09950,-7.962
Z09926,-6.612
Z13774,-8.814
Z10247,-7.445
Z13150,-9.797
Z12559,-8.137
Z10088,-7.323
Z10599,-7.743
Z14309,-7.91
Z10457,-7.263
Z15921,-8.3
Z18051,-6.654
Z17764,-7.244
Z15764,-7.853
Z17275,-8.336
Z14615,-9.431
Z17846,-7.714
Z18914,-8.72
Z19055,-9.001
Z19967,-7.87
Z20819,-7.525
Z19323,-8.428
Z19814,-8.513
Z22557,-6.611
Z25624,-7.067
Z21197,-7.8
Z26893,-5.697
Z20910,-6.021
Z24951,-6.791
Z26516,-6.609
Z26720,-6.912
Z30015,-5.201
Z27291,-7.167
Z30182,-9.756
Z31435,-8.397
Z31956,-7.739
Z28841,-8.492
Z25360,-7.452
Z26798,-8.02
Z30327,-7.869
Z18926,-5.77
Z34743,-8.034
Z32572,-9.093
Z33267,-8.604
Z37391,-8.476
Z33103,-9.723
Z35409,-8.772
Z36116,-8.553
Z37744,-8.121
Z37559,-8.721
Z35696,-8.605
Z39346,-9.279
Z41130,-7.033
Z37753,-5.784
Z42648,-5.542
Z42233,-8.058
Z41988,-7.322
Z41462,-8.934
Z44206,-6.116
Z42083,-8.94
Z39587,-8.873
Z47878,-7.08
Z43318,-9.584
Z41868,-8.42
Z48206,-8.139
Z45860,-7.371
Z49111,-7.116
Z43204,-6.653
Z47133,-6.995
Z48330,-8.432
Z49096,-8.825
Z49733,-6.564
Z32647,-10.497
Z07474,-10.602
Z04255,-9.366
Z12267,-9.253
Z26446,-8.461
Z45791,-7.803
Z44600,-9.345
Z44491,-6.539
Z49404,-8.191
Z35798,-9.429
Z12519,-9.416
Z17657,-9.343
Z19844,-9.507
Z24103,-9.108
Z19226,-7.504
Z39173,-7.668
Z19745,-8.262
Z32239,-8.423
Z12044,-7.819
Z06704,-8.998
Z08320,-8.594
Z44777,-9.419
Z29592,-7.576
Z23623,-8.336
Z17942,-7.587
Z23076,-8.131
Z41866,-9.091
Z47600,-9.9
Z41262,-7.925
Z47582,-7.982
Z03553,-9.377
Z09586,-6.899
Z49959,-8.467
Z09742,-8.39
Z23568,-8.708
Z12223,-7.99
Z24855,-8.915
Z25222,-7.535
Z26846,-6.908
Z29760,-8.033
Z28896,-8.408
Z32602,-7.199
Z25775,-8.357
Z29530,-8.694
Z40849,-6.684
Z38602,-7.647
Z34588,-8.893
Z45667,-7.733
Z44555,-7.978
Z42554,-7.127
Z07239,-7.887
Z12725,-8.206
Z09017,-6.618
Z14961,-8.329
Z45970,-8.915
Z40282,-5.409
Z12834,-8.101
Z16244,-8.202
Z19377,-6.987
Z22258,-6.836
Z22783,-7.881
Z41375,-7.529
Z20471,-8.157
Z26043,-7.868
Z27521,-7.03
Z30630,-6.975
Z01283,-6.771
Z42362,-8.255
Z43629,-7.157
Z32567,-7.707
Z05545,-7.723
Z25486,-7.598
Z33802,-9.897
Z28810,-9.212
Z05749,-8.002
Z03259,-7.252
Z28145,-7.555
Z42306,-6.782
Z22451,-7.079
Z18895,-8.602
Z46232,-8.649
Z12443,-8.414
Z11890,-9.467
Z47545,-6.328
Z18298,-8.208
Z18275,-6.418
Z04636,-7.222
Z15024,-8.506
Z37066,-7.6
Z29029,-6.367
Z00620,-8.789
Z05034,-8.894
Z42514,-7.469
Z40974,-6.755
Z47862,-8.008
Z46963,-7.746
Z02848,-7.701
Z10204,-6.808
Z04566,-7.98
Z01759,-5.653
Z21392,-7.499
Z32063,-7.915
Z44004,-8.002
Z41890,-6.115
Z49751,-7.169
Z11660,-6.626
Z39021,-7.655
Z27442,-6.587
Z36294,-7.302
Z48084,-6.884
Z12544,-6.969
Z36893,-7.108
Z09152,-6.932
Z49881,-6.616
Z16239,-6.816
Z17853,-5.841
Z08807,-7.636
Z00455,-7.595
Z16694,-8.031
Z44929,-9.84
Z18543,-8.792
Z24540,-8.51
Z12999,-7.832
Z26075,-5.811
Z11590,-8.124
Z00652,-8.6
Z24754,-9.547
Z38051,-8.125
Z00280,-8.298
Z20089,-8.242
Z06947,-8.914
Z26205,-6.155
Z20151,-7.39
Z28071,-7.175
Z02121,-7.211
Z42453,-8.375
Z34223,-8.4
Z01829,-7.488
Z01623,-8.164
Z46005,-7.665
Z08931,-6.368
Z47890,-7.522
Z45308,-6.042
Z08719,-7.095
Z35537,-5.939
Z11117,-8.237
Z15843,-8.477
Z17203,-8.588
Z22966,-6.959
Z33416,-5.431
Z18852,-9.217
Z25302,-8.174
Z17852,-8.302
Z29708,-7.291
Z37743,-8.57
Z41972,-7.7
Z35163,-8.427
Z40364,-8.414
Z47638,-8.566
Z09460,-9.132
Z10182,-7.936
Z09760,-7.274
Z19213,-6.62
Z24742,-5.323
Z48874,-7.327
Z19734,-7.422
Z30266,-7.421
Z36499,-9.678
Z04337,-6.809
Z03057,-6.619
Z43462,-8.802
Z27643,-7.409
Z42598,-9.104
Z46278,-7.075
Z47800,-8.695
Z44513,-9.317
Z30412,-8.64
Z09796,-7.704
Z11381,-7.122
Z07427,-6.914
Z05219,-8.613
Z12369,-8.037
Z12718,-7.712
Z20982,-7.25
Z19905,-7.881
Z03143,-7.083
Z36759,-7.751
Z29631,-8.393
Z14387,-8.172
Z40878,-6.804
Z34697,-8.151
Z16096,-5.334
Z41966,-8.6
Z44879,-8.176
Z49735,-7.79
Z47055,-8.038
Z00060,-7.914
Z11845,-6.435
Z01216,-6.744
Z45695,-8.564
Z05638,-8.367
Z02398,-6.645
Z05479,-7.419
Z19398,-8.275
Z23299,-7.737
Z03374,-7.034
Z15556,-8.375
Z32499,-8.035
Z12848,-6.883
Z47032,-8.169
Z04303,-7.925
Z12378,-8.058
Z41408,-7.615
Z09741,-7.56
Z23018,-7.839
Z31471,-9.061
Z29663,-7.055
Z08377,-4.518
Z45740,-8.482
Z43918,-6.583
Z29919,-5.463
Z04034,-9.422
Z37356,-8.598
Z09151,-6.565
Z04953,-9.694
Z09558,-8.113
Z23603,-8.721
Z12809,-6.755
Z49655,-8.628
Z47270,-6.801
Z20979,-6.771
Z38358,-8.654
Z19329,-7.777
Z01779,-8.923
Z03855,-8.738
Z46403,-7.206
Z13873,-7.416
Z25371,-8.939
Z49720,-7.988
Z14935,-6.222
Z07829,-7.129
Z02020,-8.096
Z10398,-6.048
Z07242,-8.18
Z14377,-6.782
Z12974,-8.01
Z06981,-8.291
Z16363,-7.361
Z35197,-8.436
Z39925,-6.701
Z42898,-7.428
Z45606,-6.855
Z11165,-5.876
Z04162,-8.578
Z25862,-6.227
Z45054,-9.005
Z34483,-7.34
Z10659,-7.844
Z14999,-7.601
Z12225,-8.272
Z06755,-7.902
Z23482,-8.951
Z28396,-9.146
Z10575,-6.985
Z24254,-6.946
Z37339,-8.53
Z34979,-8.564
Z29065,-8.685
Z06101,-6.479
Z35205,-7.763
Z25500,-7.902
Z33489,-6.882
Z08426,-7.054
Z43325,-8.929
Z41298,-7.723
Z36286,-8.735
Z48493,-7.064
Z02402,-7.041
Z23498,-8.193
Z18170,-7.821
Z08949,-7.655
Z13161,-9.252
Z34682,-8.452
Z11990,-8.307
Z28434,-9.235
Z12588,-7.813
Z39164,-7.462
Z38316,-7.691
Z40109,-7.507
Z31954,-7.723
Z35087,-8.682
Z45786,-7.394
Z41459,-5.963
Z13304,-8.81
Z06783,-9.61
Z01697,-7.848
Z32477,-5.799
Z32317,-7.807
Z10916,-8.039
Z16219,-8.567
Z20456,-9.247
Z14249,-8.405
Z15029,-8.456
Z28727,-7.79
Z25797,-7.203
Z16558,-6.971
Z40605,-4.913
Z17559,-8.692
Z38788,-7.622
Z35568,-8.172
Z47726,-7.215
Z43229,-7.255
Z39048,-8.726
Z49387,-7.172
Z17230,-6.53
Z32435,-9.471
Z01329,-8.571
Z08844,-8.296
Z08894,-7.664
Z16296,-8.094
Z49925,-8.875
Z10051,-9.446
Z12683,-6.411
Z14435,-6.317
Z12113,-7.492
Z18866,-6.918
Z18674,-7.376
Z23015,-8.629
Z17627,-8.006
Z20300,-7.255
Z20081,-7.106
Z30952,-8.354
Z33078,-7.042
Z40642,-7.047
Z40935,-7.352
Z26061,-9.498
Z15315,-7.696
Z25424,-6.482
Z34019,-8.112
Z04115,-7.718
Z00001,-7.791
Z07684,-7.331
Z18344,-6.735
Z16572,-8.831
Z46993,-8.711
Z19539,-6.62
Z11511,-9.312
Z34716,-7.619
Z18706,-7.234
Z04302,-7.817
Z35848,-8.059
Z47320,-8.051
Z47500,-8.406
Z49379,-7.052
Z34712,-6.952
Z14220,-9.007
Z11740,-8.226
Z19444,-9.957
Z17789,-9.052
Z25870,-7.45
Z31269,-9.661
Z15397,-9.417
Z22302,-7.135
Z21762,-7.421
Z32641,-6.914
Z37332,-8.989
Z33688,-8.094
Z39653,-8.289
Z38097,-8.708
Z32940,-8.814
Z41554,-7.857
Z48315,-8.613
Z01458,-9.379
Z01892,-8.935
Z02311,-8.391
Z45462,-8.974
Z05181,-8.585
Z43069,-7.775
Z04535,-7.913
Z10747,-8.607
Z07502,-7.457
Z10224,-7.741
Z08461,-8.887
Z19818,-8.184
Z29701,-7.379
Z19604,-7.269
Z32009,-9.458
Z24459,-8.872
Z36921,-8.058
Z39082,-7.503
Z43922,-5.484
Z41326,-6.79
Z39199,-6.498
Z41417,-7.912
Z42459,-9.064
Z03202,-8.736
Z20666,-7.308
Z36672,-6.118
Z15953,-8.744
Z04263,-7.76
Z07559,-7.069
Z20077,-7.902
Z08508,-7.871
Z17443,-8.234
Z34573,-6.282
Z22323,-6.76
Z18486,-7.294
Z38491,-8.66
Z41818,-8.275
Z47487,-9.542
Z24961,-8.156
Z41746,-6.974
Z09911,-7.397
Z26410,-6.893
Z14404,-7.059
Z49562,-8.326
Z18953,-6.16
Z10150,-6.753
Z48047,-7.354
Z46282,-7.028
Z13044,-6.842
Z45065,-7.446
Z18055,-9.077
Z22991,-7.861
Z05963,-5.131
Z00677,-8.631
Z00681,-7.514
Z00703,-8.197
Z02107,-6.135
Z04179,-8.093
Z06791,-7.747
Z45570,-8.326
Z13186,-7.09
Z10240,-7.829
Z28244,-8.78
Z12280,-7.627
Z25561,-6.696
Z30146,-8.465
Z35854,-7.269
Z27717,-8.617
Z35962,-7.249
Z32592,-9.012
Z32776,-7.327
Z37351,-8.608
Z46006,-6.64
Z47776,-7.605
Z10409,-8.187
Z38806,-5.893
Z12926,-8.546
Z46608,-7.176
Z03124,-8.434
Z26025,-9.077
Z19244,-8.697
Z27024,-9.093
Z26445,-7.792
Z27148,-9.033
Z16175,-7.321
Z11266,-6.848
Z29087,-7.904
Z23247,-7.819
Z24905,-8.963
Z29407,-7.655
Z47433,-8.208
Z42716,-7.43
Z00331,-7.929
Z01363,-7.239
Z49282,-9.807
Z29398,-8.76
Z23207,-8.816
Z32547,-7.713
Z36707,-7.876
Z35452,-6.876
Z02576,-7.152
Z49995,-6.86
Z00594,-7.16
Z01436,-8.756
Z04241,-7.242
Z05518,-7.501
Z10410,-7.755
Z23906,-7.372
Z26548,-8.681
Z17766,-7.876
Z28185,-7.655
Z18680,-7.997
Z19667,-7.688
Z11520,-7.525
Z30454,-8.463
Z32157,-8.131
Z35063,-6.852
Z00466,-7.852
Z44943,-8.619
Z44109,-6.03
Z03231,-6.919
Z46353,-8.403
Z42587,-9.525
Z02049,-8.259
Z45950,-8.13
Z06517,-8.286
Z10548,-6.871
Z11415,-7.092
Z07906,-8.411
Z09994,-8.469
Z14794,-7.03
Z12243,-8.874
Z23107,-8.646
Z18877,-7.138
Z21566,-8.24
Z17083,-7.973
Z28240,-7.52
Z11387,-5.567
Z19690,-7.17
Z11353,-6.549
Z26037,-7.603
Z31453,-7.646
Z37517,-8.537
Z32014,-8.55
Z25410,-7.934
Z22930,-5.425
Z47596,-9.154
Z05095,-9.642
Z06379,-7.879
Z10325,-8.931
Z06266,-7.984
Z38078,-7.875
Z10310,-8.384
Z38472,-8.668
Z19845,-6.901
Z11996,-6.719
Z11068,-8.05
Z21726,-6.758
Z24848,-9.061
Z15403,-7.957
Z38507,-8.43
Z19956,-8.424
Z42607,-7.129
Z36034,-8.154
Z35179,-7.444
Z41821,-7.067
Z31711,-7.412
Z11715,-7.431
Z25946,-7.354
Z48732,-8.076
Z35375,-7.81
Z22494,-6.585
Z18625,-7.969
Z43522,-7.863
Z46121,-6.682
Z43967,-6.613
Z22878,-8.733
Z19570,-8.132
Z34593,-8.43
Z39002,-9.818
Z09783,-8.273
Z47451,-8.072
Z24288,-8.869
Z47265,-7.993
Z05370,-7.47
Z42477,-8.626
Z36054,-5.93
Z42034,-8.097
Z13667,-8.097
Z28867,-7.34
Z25411,-8.408
Z05651,-6.465
Z14197,-6.741
Z34928,-7.117
Z38262,-8.541
Z20772,-7.634
Z21436,-8.765
Z45175,-7.259
Z37599,-7.795
Z39195,-6.808
Z39582,-7.174
Z34371,-6.351
Z47505,-8.152
Z10537,-8.273
Z11011,-7.195
Z07983,-6.929
Z03228,-7.984
Z47752,-7.838
Z18710,-7.249
Z13389,-8.802
Z12808,-7.365
Z04562,-6.886
Z11024,-7.14
Z14728,-7.831
Z28760,-8.597
Z31289,-6.64
Z44167,-9.003
Z37174,-7.365
Z46060,-7.696
Z48563,-8.364
Z48761,-7.455
Z04714,-7.811
Z01023,-6.952
Z31415,-8.98
Z04039,-7.487
Z12982,-7.405
Z28015,-6.451
Z16766,-10.814
Z40485,-6.887
Z16637,-8.898
Z30978,-6.508
Z16136,-7.346
Z23413,-7.472
Z27493,-6.318
Z31553,-7.949
Z45378,-7.935
Z05137,-5.293
Z24379,-6.531
Z19224,-8.232
Z00815,-8.617
Z49499,-7.909
Z01834,-7.581
Z31250,-7.639
Z05910,-6.109
Z45762,-7.9
Z02364,-8.08
Z03719,-6.763
Z46302,-6.627
Z11739,-8.026
Z09233,-6.385
Z16882,-8.183
Z16277,-8.24
Z12739,-7.414
Z21881,-7.739
Z19477,-8.706
Z15532,-6.787
Z10118,-8.488
Z24519,-8.402
Z35812,-9.189
Z23533,-7.025
Z28060,-8.746
Z28023,-8.572
Z38264,-7.609
Z29540,-8.83
Z32824,-7.368
Z36033,-8.08
Z49239,-6.677
Z06043,-8.531
Z27088,-6.504
Z18410,-8.564
Z32689,-8.402
Z46372,-8.983
Z14241,-5.998
Z30663,-9.304
Z46226,-9.535
Z21490,-9.254
Z42408,-5.913
Z46336,-5.967
Z25100,-8.833
Z35870,-6.846
Z01589,-7.498
Z15211,-7.46
Z22586,-7.53
Z23436,-6.737
Z07220,-5.464
Z30221,-7.95
Z35061,-7.093
Z25036,-8.24
Z22971,-9.073
Z41732,-8.807
Z39373,-7.097
Z41714,-6.35
Z49640,-7.725
Z49698,-7.832
Z12253,-7.633
Z03095,-7.218
Z45829,-7.237
Z08432,-7.693
Z18056,-7.58
Z16541,-8.013
Z32806,-8.615
Z31156,-7.99
Z06714,-8.181
Z23262,-8.005
Z34362,-7.401
Z39823,-8.516
Z28097,-8.604
Z38438,-6.899
Z34363,-8.68
Z08607,-8.082
Z03040,-7.965
Z42210,-7.361
Z42051,-6.551
Z45598,-8.256
Z09172,-7.886
Z11089,-9.225
Z10242,-8.621
Z16803,-10.054
Z18739,-9.551
Z29386,-8.237
Z21980,-8.636
Z30488,-9.387
Z31716,-9.135
Z23829,-8.27
Z26541,-8.492
Z33532,-7.687
Z36866,-7.498
Z33732,-6.291
Z46979,-8.054
Z45281,-8.221
Z00963,-8.047
Z03865,-4.84
Z00574,-7.881
Z47308,-7.279
Z02188,-7.803
Z38752,-10.309
Z05992,-9.674
Z02240,-7.765
Z09627,-8.764
Z10314,-6.328
Z07185,-8.913
Z06651,-7.41
Z09196,-7.107
Z10726,-8.552
Z12372,-6.031
Z13511,-7.769
Z11012,-7.995
Z11404,-7.975
Z11761,-8.282
Z03803,-4.885
Z19713,-7.257
Z13619,-6.61
Z12122,-7.557
Z13016,-9.162
Z19928,-6.979
Z13626,-7.325
Z23450,-7.441
Z24916,-9.008
Z25221,-7.144
Z20173,-6.893
Z24986,-9.065
Z24427,-6.934
Z26823,-7.557
Z27577,-7.761
Z20695,-7.502
Z23142,-8.254
Z32849,-7.267
Z37325,-8.639
Z24039,-8.176
Z34407,-9.172
Z31969,-7.192
Z40434,-6.803
Z37921,-8.592
Z34564,-9.029
Z38898,-7.726
Z40634,-8.46
Z38746,-8.125
Z34062,-7.097
